发布时间,笔记标题,笔记链接,笔记内容,点赞量,收藏量,评论量,分享量,互动量,博主昵称,概括,内容类型,正负向,业务线,渠道类型,具体产品/场景,笔记ID,是否剔除,是否剔除.输出结果
2026-06-16 14:03:48,#滴滴夏季香卡 #滴滴夏日小乘凉 #滴滴好服务有回报,https://www.iesdouyin.com/share/video/7651870043261112169#ocr,"#滴滴夏季香卡
#滴滴夏日小乘凉
#滴滴好服务有回报",66,0,16,0,82,刘哥,用户发布带有滴滴夏季香卡、夏日小乘凉及好服务有回报话题标签的抖音内容,产品力,中性,网约车,抖音,香卡,7651870043261112169,,
2026-06-16 10:29:06,#滴滴夏季香卡 #滴滴夏日小乘凉 #滴滴好服务有回报,https://www.iesdouyin.com/share/video/7651814714317752571#ocr,"#滴滴夏季香卡
#滴滴夏日小乘凉
#滴滴好服务有回报",59,0,24,0,83,沉默是金,用户发布带滴滴夏季香卡话题标签的抖音内容，宣传夏日乘凉活动及好服务有回报理念,车内,正向,品牌,抖音,香卡,7651814714317752571,,
2026-06-16 07:22:51,#滴滴夏季香卡 #滴滴夏日小乘凉 #滴滴好服务有回报,https://www.iesdouyin.com/share/video/7651766714585623251#ocr,"#滴滴夏季香卡
#滴滴夏日小乘凉
#滴滴好服务有回报",56,0,20,0,76,yzY,用户发布带滴滴夏季香卡话题的抖音内容，宣传该活动,产品力,正向,品牌,抖音,香卡,7651766714585623251,,
2026-06-17 02:51:53,#北京打车 #北京出租车,https://www.iesdouyin.com/share/video/7652067969514834843#ocr,#北京打车 #北京出租车,58,3,88,7,156,🎊玖🌈月🐳,发布带北京打车、北京出租车标签的出行内容,场景,中性,网约车,抖音,无匹配类别,7652067969514834843,,
2026-06-16 21:56:20,#滴滴夏季香卡 #滴滴夏日小乘凉 #滴滴好服务有回报,https://www.iesdouyin.com/share/video/7651991817286619301#ocr,"#滴滴夏季香卡 
#滴滴夏日小乘凉 
#滴滴好服务有回报",101,0,23,0,124,草堂先生,分享滴滴夏季香卡活动及好服务有回报相关内容,车内,正向,网约车,抖音,香卡,7651991817286619301,,
2026-06-16 20:28:24,#滴滴夏季香卡 #滴滴夏日小乘凉 #滴滴好服务有回报,https://www.iesdouyin.com/share/video/7651969157013102266#ocr,"#滴滴夏季香卡
#滴滴夏日小乘凉
#滴滴好服务有回报",108,2,32,0,142,王队来啦,宣传滴滴夏季香卡活动,车内,正向,品牌,抖音,香卡,7651969157013102266,,
2026-06-16 17:30:59,今日滴滴奇遇✨打到一辆满是少女心的小车 布置温柔干净 贴心备好小风扇 一路凉风相伴 遇见温柔又细心的女司机 一整天都被治愈,https://www.iesdouyin.com/share/video/7651923434759611490,今日滴滴奇遇✨打到一辆满是少女心的小车 布置温柔干净 贴心备好小风扇 一路凉风相伴 遇见温柔又细心的女司机 一整天都被治愈！！#小专车 #少女心爆棚,161,0,25,16,202,.是雨不是宇.,用户打到一辆布置温馨有少女心且配备小风扇的专车，车内环境干净，司机是温柔细心的女司机，给乘客带来治愈体验,车内,正向,专车/豪华车,抖音,女司机,7651923434759611490,,
2026-06-16 07:31:18,#滴滴夏季香卡 #滴滴夏日小乘凉 #滴滴好服务有回报,https://www.iesdouyin.com/share/video/7651768896135423332#ocr,"#滴滴夏季香卡
#滴滴夏日小乘凉
#滴滴好服务有回报",71,0,26,0,97,yzY,发布滴滴夏季香卡相关话题内容,地广/活动,中性,品牌,抖音,香卡,7651768896135423332,,
2026-06-16 10:29:51,#滴滴夏季香卡 #滴滴夏日小乘凉 #滴滴好服务有回报,https://www.iesdouyin.com/share/video/7651814907713729018#ocr,"#滴滴夏季香卡
#滴滴夏日小乘凉
#滴滴好服务有回报",78,0,28,0,106,沉默是金,推广滴滴夏季香卡及夏日乘凉活动，强调好服务有回报理念,地广/活动,正向,品牌,抖音,香卡,7651814907713729018,,
2026-06-16 09:50:02,#滴滴夏季香卡 #滴滴夏日小乘凉 #滴滴好服务有回报,https://www.iesdouyin.com/share/video/7651804649242865573#ocr,"#滴滴夏季香卡
#滴滴夏日小乘凉
#滴滴好服务有回报",116,1,27,0,144,王队来啦,宣传滴滴夏季香卡品牌活动,地广/活动,正向,品牌,抖音,香卡,7651804649242865573,,
2026-06-14 10:46:53,#滴滴好服务有好回报 #滴滴清凉好服务,https://www.iesdouyin.com/share/video/7651077130290200741#ocr,"#滴滴好服务有好回报
#滴滴清凉好服务",72,0,29,0,101,锦远留香,宣传滴滴清凉好服务及好服务有好回报品牌活动,地广/活动,正向,品牌,抖音,品牌,7651077130290200741,,
2026-06-16 14:44:25,滴滴夏季香卡小乘凉好服务有回报（九） #滴滴夏季香卡 #滴滴夏日小乘凉 #滴滴好服务有回报,https://www.iesdouyin.com/share/video/7651880512298328667#ocr,滴滴夏季香卡小乘凉好服务有回报（九） #滴滴夏季香卡 #滴滴夏日小乘凉 #滴滴好服务有回报,676,0,26,1,703,湖南长沙炫乐哥,滴滴夏季香卡活动宣传，强调好服务有回报,车内,正向,品牌,抖音,香卡,7651880512298328667,,
2026-06-16 16:19:06,#滴滴夏季香卡#滴滴夏日小乘凉#滴滴好服务有回报,https://www.iesdouyin.com/share/video/7651904913262726810#ocr,#滴滴夏季香卡#滴滴夏日小乘凉#滴滴好服务有回报,66,0,7,0,73,叶秋,视频宣传滴滴夏季香卡及夏日小乘凉活动，强调好服务有回报,产品力,正向,网约车,抖音,香卡,7651904913262726810,,
2026-06-17 05:37:47,#滴滴夏季香卡 #滴滴夏日小乘凉 #滴滴好服务有回报,https://www.iesdouyin.com/share/video/7652110711699481066#ocr,"#滴滴夏季香卡
#滴滴夏日小乘凉
#滴滴好服务有回报",32,0,43,0,75,👉故乡的云👈,用户发布带有滴滴夏季香卡相关话题标签的内容,车内,正向,网约车,抖音,香卡,7652110711699481066,,
2026-06-16 21:43:56,#滴滴夏季香卡 #滴滴夏日小乘凉 #滴滴好服务有回报,https://www.iesdouyin.com/share/video/7651988622472018021#ocr,"#滴滴夏季香卡 
#滴滴夏日小乘凉 
#滴滴好服务有回报",81,0,16,0,97,草堂先生,推广滴滴夏季香卡及夏日乘凉活动，宣传好服务有回报理念,地广/活动,正向,品牌,抖音,香卡,7651988622472018021,,
2026-06-16 19:58:13,#滴滴夏季香卡 #滴滴夏日小乘凉 #滴滴好服务有回报,https://www.iesdouyin.com/share/video/7651961377666876836#ocr,"#滴滴夏季香卡
#滴滴夏日小乘凉
#滴滴好服务有回报",84,0,26,0,110,刘哥,用户发布滴滴夏季香卡相关话题内容,产品力,正向,品牌,抖音,香卡,7651961377666876836,,
2026-06-16 10:28:06,#滴滴夏季香卡 #滴滴夏日小乘凉 #滴滴好服务有回报,https://www.iesdouyin.com/share/video/7651814460050397297#ocr,"#滴滴夏季香卡
#滴滴夏日小乘凉
#滴滴好服务有回报",61,0,23,0,84,沉默是金,滴滴夏季香卡活动宣传,地广/活动,正向,品牌,抖音,香卡,7651814460050397297,,
2026-06-16 21:39:44,#滴滴夏季香卡 #滴滴夏日小乘凉 #滴滴好服务有回报,https://www.iesdouyin.com/share/video/7651987539872422330#ocr,"#滴滴夏季香卡 
#滴滴夏日小乘凉 
#滴滴好服务有回报",80,0,14,0,94,草堂先生,推广滴滴夏季香卡活动，宣传好服务有回报理念,产品力,正向,网约车,抖音,香卡,7651987539872422330,,
2026-06-17 06:54:49,#滴滴夏季香卡 #滴滴夏日小乘凉 #滴滴好服务有回报,https://www.iesdouyin.com/share/video/7652130577612691318#ocr,"#滴滴夏季香卡
#滴滴夏日小乘凉
#滴滴好服务有回报",79,0,26,0,105,yzY,滴滴夏季香卡及夏日乘凉活动的宣传,产品力,正向,网约车,抖音,香卡,7652130577612691318,,
2026-06-17 08:59:30,#滴滴夏季香卡 #滴滴夏日小乘凉 #滴滴好服务有回报,https://www.iesdouyin.com/share/video/7652162710582616802#ocr,"#滴滴夏季香卡
#滴滴夏日小乘凉
#滴滴好服务有回报",88,0,31,0,119,快乐的飞鸟,宣传滴滴夏季香卡活动,地广/活动,正向,品牌,抖音,香卡,7652162710582616802,,
2026-06-17 09:09:53,#滴滴夏季香卡 #滴滴夏日小乘凉 #滴滴好服务有回报,https://www.iesdouyin.com/share/video/7652165387022497652#ocr,"#滴滴夏季香卡
#滴滴夏日小乘凉
#滴滴好服务有回报",100,0,32,0,132,快乐的飞鸟,用户发布带有滴滴夏季香卡、夏日小乘凉、好服务有回报话题标签的抖音内容,地广/活动,正向,品牌,抖音,香卡,7652165387022497652,,
2026-06-17 08:20:34,#滴滴夏季香卡 #滴滴夏日小乘凉 #滴滴好服务有回报,https://www.iesdouyin.com/share/video/7652152677221140451#ocr,"#滴滴夏季香卡
#滴滴夏日小乘凉
#滴滴好服务有回报",83,0,23,0,106,快乐的飞鸟,推广滴滴夏季香卡活动,车内,正向,网约车,抖音,香卡,7652152677221140451,,
2026-06-17 08:54:32,#滴滴夏季香卡 #滴滴夏日小乘凉 #滴滴好服务有回报,https://www.iesdouyin.com/share/video/7652161432423502245#ocr,"#滴滴夏季香卡 
#滴滴夏日小乘凉
#滴滴好服务有回报",116,0,19,0,135,重庆滴滴姚师傅,滴滴司机分享夏季香卡相关活动内容,车内,正向,品牌,抖音,香卡,7652161432423502245,,
2026-06-17 10:57:40,#滴滴夏季香卡 #滴滴夏日小乘凉 #滴滴好服务有回报,https://www.iesdouyin.com/share/video/7652193163415277179#ocr,"#滴滴夏季香卡
#滴滴夏日小乘凉
#滴滴好服务有回报",91,0,31,0,122,沉默是金,关于滴滴夏季香卡活动的推广内容,车内,正向,网约车,抖音,香卡,7652193163415277179,,
2026-06-16 23:50:35,#滴滴夏季香卡 #滴滴夏日小乘凉 #滴滴好服务有回报,https://www.iesdouyin.com/share/video/7652021259866034118#ocr,"#滴滴夏季香卡
#滴滴夏日小乘凉
#滴滴好服务有回报",68,0,24,0,92,刘哥,用户分享滴滴夏季香卡相关内容，带有夏日小乘凉和好服务有回报的话题标签,车内,正向,网约车,抖音,香卡,7652021259866034118,,
2026-06-16 10:27:27,#滴滴夏季香卡 #滴滴夏日小乘凉 #滴滴好服务有回报,https://www.iesdouyin.com/share/video/7651814291859019961#ocr,"#滴滴夏季香卡
#滴滴夏日小乘凉
#滴滴好服务有回报",62,0,23,0,85,沉默是金,宣传滴滴夏季香卡活动,地广/活动,正向,品牌,抖音,香卡,7651814291859019961,,
2026-06-16 07:14:12,#滴滴夏季香卡 #滴滴夏日小乘凉 #滴滴好服务有回报,https://www.iesdouyin.com/share/video/7651764490967753572#ocr,"#滴滴夏季香卡
#滴滴夏日小乘凉
#滴滴好服务有回报",65,0,22,0,87,yzY,用户分享滴滴夏季香卡相关内容,车内,正向,网约车,抖音,香卡,7651764490967753572,,
2026-06-17 13:53:18,#滴滴夏季香卡 #滴滴夏日小乘凉 #滴滴好服务有回报,https://www.iesdouyin.com/share/video/7652238421624908799#ocr,"#滴滴夏季香卡
#滴滴夏日小乘凉
#滴滴好服务有回报",59,0,22,0,81,刘哥,滴滴夏季香卡推广内容,车内,正向,网约车,抖音,香卡,7652238421624908799,,
2026-06-17 22:24:01,#滴滴夏季香卡 #滴滴夏日小乘凉 #滴滴好服务有回报,https://www.iesdouyin.com/share/video/7652370034488125861#ocr,"#滴滴夏季香卡 
#滴滴夏日小乘凉 
#滴滴好服务有回报",73,0,19,0,92,草堂先生,用户发布滴滴夏季香卡相关话题内容,产品力,正向,品牌,抖音,香卡,7652370034488125861,,
2026-06-16 22:44:22,#滴滴夏季香卡 #滴滴夏日小乘凉 #滴滴好服务有回报,https://www.iesdouyin.com/share/video/7652004191036625635#ocr,"#滴滴夏季香卡
#滴滴夏日小乘凉
#滴滴好服务有回报",53,0,20,0,73,"@故作洒脱""互帮互助点赞加评论""",滴滴夏季香卡及夏日乘凉活动宣传,地广/活动,正向,品牌,抖音,香卡,7652004191036625635,,
2026-06-17 19:19:55,#滴滴夏季香卡 #滴滴夏日小乘凉 #滴滴好服务有回报,https://www.iesdouyin.com/share/video/7652322592120264874#ocr,"#滴滴夏季香卡
#滴滴夏日小乘凉
#滴滴好服务有回报",58,0,21,0,79,yzY,宣传滴滴夏季香卡及夏日乘凉活动，强调好服务有回报,地广/活动,正向,品牌,抖音,香卡,7652322592120264874,,
2026-06-16 07:11:59,#滴滴夏季香卡 #滴滴夏日小乘凉 #滴滴好服务有回报,https://www.iesdouyin.com/share/video/7651763921016095665#ocr,"#滴滴夏季香卡
#滴滴夏日小乘凉
#滴滴好服务有回报",53,0,19,0,72,晋哥,用户发布参与滴滴夏季香卡及夏日小乘凉品牌话题活动的抖音内容,地广/活动,正向,品牌,抖音,香卡,7651763921016095665,,
2026-06-17 23:18:44,#滴滴后排乘客的感受 #夜间网约车司机 #打车的体验感 #网约车承载的生活 #网约车的初衷,https://www.iesdouyin.com/share/video/7652384131914282890#ocr,#滴滴后排乘客的感受 #夜间网约车司机 #打车的体验感 #网约车承载的生活 #网约车的初衷,239,143,22,21,425,更好的环境,用户分享夜间乘坐滴滴网约车时后排乘客的体验感受及网约车对生活的意义,场景,中性,网约车,抖音,深夜/晚归出行,7652384131914282890,,
2026-06-17 19:18:37,谁懂啊,https://www.iesdouyin.com/share/video/7652322258769675418,"谁懂啊！今天打车碰到个退役军人师傅，安全感直接拉满！
师傅笑着说：“以前保家卫国，现在保你平安到家。”
这话说的，瞬间觉得心里暖暖的～
#滴滴司机#暖心瞬间#退役军人 #打车奇遇",80,0,48,3,131,ᴵᴵ,用户打车遇到退役军人司机，师傅表示以前保家卫国现在保乘客平安到家，让人感到温暖和有安全感。,司机,正向,网约车,抖音,特殊身份-退伍军人,7652322258769675418,,
2026-06-17 10:55:24,#滴滴夏季香卡 #滴滴夏日小乘凉 #滴滴好服务有回报,https://www.iesdouyin.com/share/video/7652192580424495545#ocr,"#滴滴夏季香卡
#滴滴夏日小乘凉
#滴滴好服务有回报",54,0,24,0,78,沉默是金,滴滴夏季香卡活动宣传,车内,正向,网约车,抖音,香卡,7652192580424495545,,
2026-06-17 16:06:03,#滴滴夏季香卡 #滴滴夏日小乘凉 #滴滴好服务有回报,https://www.iesdouyin.com/share/video/7652272634109534459#ocr,#滴滴夏季香卡 #滴滴夏日小乘凉  #滴滴好服务有回报,75,0,6,0,81,互关互赞最美最帅,滴滴夏季香卡活动宣传,地广/活动,正向,品牌,抖音,香卡,7652272634109534459,,
2026-06-17 13:05:38,#滴滴夏季香卡 #滴滴夏日小乘凉 #滴滴好服务有回报,https://www.iesdouyin.com/share/video/7652226138975214458#ocr,#滴滴夏季香卡 #滴滴夏日小乘凉 #滴滴好服务有回报,60,0,11,0,71,网约车司机老吴,滴滴司机分享滴滴夏季香卡及夏日乘凉活动相关内容,车内,正向,网约车,抖音,香卡,7652226138975214458,,
2026-06-16 16:23:34,#滴滴夏季香片 #滴滴夏日小乘凉 #滴滴好服务有回报,https://www.iesdouyin.com/share/video/7651906060068276800#ocr,"#滴滴夏季香片
#滴滴夏日小乘凉
#滴滴好服务有回报",53,0,20,0,73,陆晓伟 帮忙点赞加评论,用户发布滴滴夏季香片相关话题标签并请求点赞评论,地广/活动,正向,品牌,抖音,香卡,7651906060068276800,,
2026-06-17 21:49:54,十分给力的滴滴司机,https://www.iesdouyin.com/share/video/7652361239751108714,"十分给力的滴滴司机。
21:47的高铁，预计21:40才能到东站，师傅用技术给我争取了4分钟，21:36就到了。
完美上车。
#拼命 #滴滴司机 #极限卡点 #杭州东站",71,4,75,4,154,春风,乘客赶高铁时间紧迫，滴滴司机凭借出色驾驶技术提前4分钟送达，帮助乘客成功赶上列车。,司机,正向,网约车,抖音,驾驶技术,7652361239751108714,,
2026-06-16 13:15:53,#滴滴夏季香卡 #滴滴夏日小乘凉 #滴滴好服务有回报,https://www.iesdouyin.com/share/video/7651857695520628138#ocr,"#滴滴夏季香卡 
  #滴滴夏日小乘凉
                      #滴滴好服务有回报
",79,0,6,1,86,跑滴滴来百丽,司机发布视频带话题标签宣传滴滴夏季香卡及夏日乘凉活动,地广/活动,正向,品牌,抖音,香卡,7651857695520628138,,
2026-06-16 22:38:16,#滴滴夏季香卡 #滴滴夏日小乘凉 #滴滴好服务有回报,https://www.iesdouyin.com/share/video/7652002623507434127#ocr,"#滴滴夏季香卡
#滴滴夏日小乘凉
#滴滴好服务有回报",75,0,33,0,108,"@故作洒脱""互帮互助点赞加评论""",分享滴滴夏季香卡相关话题内容，涉及夏日活动及司机服务回报,车内,正向,网约车,抖音,香卡,7652002623507434127,,
2026-06-15 22:11:59,#滴滴夏季香卡 #滴滴夏日小乘凉 #滴滴好服务有回报,https://www.iesdouyin.com/share/video/7651624765144265193#ocr,"#滴滴夏季香卡
#滴滴夏日小乘凉
#滴滴好服务有回报",147,0,44,0,191,人生几何,用户发布抖音视频宣传滴滴夏季香卡活动,产品力,正向,网约车,抖音,香卡,7651624765144265193,,
2026-06-15 23:02:26,#滴滴夏季香卡 #滴滴夏日小乘凉 #滴滴好服务有回报,https://www.iesdouyin.com/share/video/7651637761695595974#ocr,"#滴滴夏季香卡
#滴滴夏日小乘凉
#滴滴好服务有回报",274,0,65,0,339,人生几何,滴滴夏季香卡品牌话题活动,地广/活动,正向,品牌,抖音,香卡,7651637761695595974,,
2026-06-18 17:55:14,昆明的滴滴司机是懂浪漫的#滴滴司机,https://www.iesdouyin.com/share/video/7652671854415530737,昆明的滴滴司机是懂浪漫的#滴滴司机,319,0,0,9,328,香湘牌香蕉🍌,夸赞昆明滴滴司机浪漫,司机,正向,网约车,抖音,司乘温暖,7652671854415530737,,
2026-06-16 06:23:20,#滴滴好服务有好回报 #滴滴清凉好服务,https://www.iesdouyin.com/share/video/7651751376665613795#ocr,"#滴滴好服务有好回报
#滴滴清凉好服务",154,0,9,0,163,F风暴B,参与滴滴好服务有好回报及清凉好服务话题活动,地广/活动,正向,品牌,抖音,品牌,7651751376665613795,,
2026-06-18 14:47:56,#滴滴夏季香卡 #滴滴夏日小乘凉 #滴滴好服务有回报,https://www.iesdouyin.com/share/video/7652623587228125046#ocr,"#滴滴夏季香卡
#滴滴夏日小乘凉
#滴滴好服务有回报",196,0,20,0,216,🏀滴滴大师⚽,宣传滴滴夏季香卡及夏日乘凉活动，强调好服务有回报,地广/活动,正向,品牌,抖音,香卡,7652623587228125046,,
2026-06-18 14:44:11,#滴滴夏季香卡 #滴滴夏日小乘凉 #滴滴好服务有回报,https://www.iesdouyin.com/share/video/7652622620290466630#ocr,"#滴滴夏季香卡
#滴滴夏日小乘凉
#滴滴好服务有回报",171,0,13,0,184,🏀滴滴大师⚽,宣传滴滴夏季香卡及好服务回报活动,产品力,正向,品牌,抖音,香卡,7652622620290466630,,
2026-06-16 16:53:26,#滴滴夏季香卡 #滴滴夏日小乘凉 #滴滴好服务有回报,https://www.iesdouyin.com/share/video/7651913753260629075#ocr,"#滴滴夏季香卡
#滴滴夏日小乘凉 
#滴滴好服务有回报",93,0,2,0,95,龙队（滴滴达人计划）👍,推广滴滴夏季香卡及夏日乘凉主题的品牌活动,地广/活动,正向,品牌,抖音,香卡,7651913753260629075,,
2026-06-14 08:31:03,不要抱怨打车为什么没服务，不开空调,https://www.iesdouyin.com/share/video/7651042123198704226#ocr,不要抱怨打车为什么没服务，不开空调？因为他是滴滴特惠🤡#滴滴出行 #特惠快车 #网约车  #滴滴司机 #网约车,39,26,15,17,97,不烧机油的大众,吐槽滴滴特惠快车服务差且不开空调，认为低价理所应当导致服务差,司机行为投诉,负向,滴滴特惠,抖音,态度恶劣,7651042123198704226,,
2026-06-18 21:52:23,#滴滴夏季香卡 #滴滴夏日小乘凉 #滴滴好服务有回报,https://www.iesdouyin.com/share/video/7652732967332496485#ocr,"#滴滴夏季香卡 
#滴滴夏日小乘凉 
#滴滴好服务有回报",181,0,33,0,214,草堂先生,滴滴夏季香卡活动宣传,产品力,正向,网约车,抖音,香卡,7652732967332496485,,
2026-06-18 14:52:21,#滴滴夏季香卡 #滴滴夏日小乘凉 #滴滴好服务有回报,https://www.iesdouyin.com/share/video/7652624724035717227#ocr,"#滴滴夏季香卡
#滴滴夏日小乘凉
#滴滴好服务有回报",172,0,13,0,185,🏀滴滴大师⚽,滴滴夏季香卡及夏日小乘凉活动宣传,地广/活动,正向,品牌,抖音,香卡,7652624724035717227,,
2026-06-18 13:53:38,#滴滴夏季香卡 #滴滴夏日小乘凉 #滴滴好服务有回报,https://www.iesdouyin.com/share/video/7652609595097885093#ocr,#滴滴夏季香卡 #滴滴夏日小乘凉 #滴滴好服务有回报,79,0,12,0,91,网约车司机老吴,网约车司机发布滴滴夏季香卡相关推广内容,车内,正向,网约车,抖音,香卡,7652609595097885093,,
2026-06-18 14:31:41,第一次坐出租车 奉劝各位 不要坐出租车 不要坐出租车 太坑了 贵的离谱今天算是见识了 比滴滴 要贵一半#滴滴司机 #出租车司机,https://www.iesdouyin.com/share/video/7652619401480569706,第一次坐出租车   奉劝各位   不要坐出租车 不要坐出租车  太坑了  贵的离谱今天算是见识了  比滴滴 要贵一半#滴滴司机 #出租车司机,40,4,63,3,110,Mr.楊的小世界,用户分享第一次乘坐出租车的经历，认为出租车价格比滴滴贵一半，吐槽出租车太坑并奉劝大家不要坐出租车,场景,正向,网约车,抖音,价格优惠,7652619401480569706,,
2026-06-19 00:59:04,#滴滴夏季香卡 #滴滴夏日小乘凉 #滴滴好服务有回报,https://www.iesdouyin.com/share/video/7652781074481000433#ocr,"#滴滴夏季香卡
#滴滴夏日小乘凉
#滴滴好服务有回报",105,0,19,0,124,梦回唐朝👻,用户发布带有滴滴夏季香卡、夏日小乘凉、好服务有回报话题标签的抖音内容。,地广/活动,正向,品牌,抖音,香卡,7652781074481000433,,
2026-06-17 21:52:16,#滴滴夏季香卡 #滴滴夏日小乘凉 #滴滴好服务有回报,https://www.iesdouyin.com/share/video/7652361854669127333#ocr,"#滴滴夏季香卡
#滴滴夏日小乘凉
#滴滴好服务有回报",77,2,21,0,100,🐈大猫先生🎃,分享滴滴夏季香卡活动内容,车内,正向,网约车,抖音,香卡,7652361854669127333,,
2026-06-16 22:34:32,#滴滴夏季香卡 #滴滴夏日小乘凉 #滴滴好服务有回报,https://www.iesdouyin.com/share/video/7652001659506560399#ocr,"#滴滴夏季香卡
#滴滴夏日小乘凉
#滴滴好服务有回报",71,0,32,0,103,"@故作洒脱""互帮互助点赞加评论""",推广滴滴夏季香卡及夏日相关活动,产品力,正向,网约车,抖音,香卡,7652001659506560399,,
2026-06-19 16:26:06,网上说说得了，现实中谁不想急头白脸的跑一趟滴滴首单新人奖励啊😋#比亚迪 #比亚迪汉 #顺风车,https://www.iesdouyin.com/share/video/7653019968586294187#ocr,网上说说得了，现实中谁不想急头白脸的跑一趟滴滴首单新人奖励啊😋#比亚迪 #比亚迪汉 #顺风车,184,11,105,206,506,北部大区玻璃心,网友调侃现实中大家都想跑滴滴获得首单新人奖励,产品力,正向,网约车,抖音,无匹配类别,7653019968586294187,,
2026-06-19 14:03:45,兰州西站打车经历 热乎的，我人还在出租车上，这不可思议的服务： 1️⃣有志愿者在车站门口帮忙打车且带路,https://www.iesdouyin.com/share/video/7652983283067948017,"兰州西站打车经历 热乎的，我人还在出租车上，这不可思议的服务：
1️⃣有志愿者在车站门口帮忙打车且带路！！
2️⃣滴滴司机全程礼貌用语，开车巨平稳，主动询问空调情况，解释交通拥堵原因，并推荐吃喝！！！
3️⃣我看见拖地阿姨，弄湿了一小片，她在用警示牌现场弄干防止行人滑倒！！！说实话，今天这么热，她完全可以放了牌子就走的，这一瞬间，对兰州印象好到爆了啊
正在从#兰州西站 打车去 #甘肃省博物馆",140,13,182,59,394,Yaoling_Chloe,用户分享在兰州西站打滴滴车的良好体验，重点夸赞司机服务周到、驾驶平稳且主动提供本地推荐,司机,正向,网约车,抖音,司机服务,7652983283067948017,,
2026-06-19 22:07:46,oi～今天又洋气歪（评论区不能置顶，麻烦上来就应激的网友翻翻评论区作者的评论，或者看下作者新作品哈，也是见识到了物种的多样性）#滴滴 #打车 #臭车 #香,https://www.iesdouyin.com/share/video/7653108016330415817,oi～今天又洋气歪（评论区不能置顶，麻烦上来就应激的网友翻翻评论区作者的评论，或者看下作者新作品哈，也是见识到了物种的多样性）#滴滴 #打车 #臭车 #香,76,3,646,131,856,都是椰壳🥥,用户吐槽滴滴打车遇到车内异味（臭车）问题并引发评论区争议,车内环境投诉,负向,网约车,抖音,烟味/异味,7653108016330415817,,
2026-06-19 10:46:01,#滴滴好服务有回报 #百丽好服务手势舞挑战,https://www.iesdouyin.com/share/video/7652932330449893861#ocr,#滴滴好服务有回报 #百丽好服务手势舞挑战,222,0,45,0,267,♡挽手♚说_梦话♡↗,"用户参与滴滴联合百丽发起的""好服务手势舞挑战""品牌活动",地广/活动,正向,品牌,抖音,品牌,7652932330449893861,,
2026-06-19 18:27:55,#滴滴夏季香卡#滴滴夏日小乘凉 #滴滴好服务有回报,https://www.iesdouyin.com/share/video/7653051362386005066#ocr,"#滴滴夏季香卡#滴滴夏日小乘凉
                      #滴滴好服务有回报",89,0,11,0,100,龙龙姐,宣传滴滴夏季香卡及夏日乘凉活动,地广/活动,正向,品牌,抖音,香卡,7653051362386005066,,
2026-06-20 11:40:32,在首尔打车tips,https://www.iesdouyin.com/share/video/7653317467841859493#ocr,在首尔打车tips！！ #真实生活分享计划 #首尔打车 #韩国交通 #出租车 #韩国打车贵不贵,159,16,50,186,411,张某人很爱笑,分享在首尔打车的经验攻略和注意事项,场景,中性,网约车,抖音,海外打车,7653317467841859493,,
2026-06-19 21:48:46,3次被中国人暖到后瑞士人想念深圳广州日常 瑞士人看中国生活｜这次在深圳和广州，我再次感受到一种在瑞士生活里比较少见的东西：人情味,https://www.iesdouyin.com/share/video/7653103122819631461,"3次被中国人暖到后瑞士人想念深圳广州日常 瑞士人看中国生活｜这次在深圳和广州，我再次感受到一种在瑞士生活里比较少见的东西：人情味。不是因为中国每个地方都完美，也不是因为瑞士不好。瑞士很安全、很安静、很有秩序，生活质量也很高。但有时候，人与人之间的距离真的比较远。坐车、吃饭、走在路上，大家都很礼貌，却很少真正交流。 
可是在中国，我作为一个外国人在中国旅行，常常会遇到很自然的善意。滴滴司机会主动跟我聊天，问我为什么来中国，问我喜不喜欢深圳和广州。虽然我的中文还不太好，但他们还是愿意慢慢听我说。还有一些朋友和粉丝给我发信息，想请我吃饭，想带我看看他们眼里的中国生活。我们可能以前完全不认识，但对方还是很热情，很自然，好像人与人之间没有那么厚的一堵墙。 
我在广州吃早茶，在深圳见朋友，也收到过很多很真诚的信息。有人推荐我去哪里吃饭，有人提醒我注意安全，有人说下次来他们的城市一定要联系他们。对你们来说，这可能只是很普通的客气。但对一个瑞士人来说，这种感觉真的很特别。因为在瑞士，大家通常不会轻易打扰别人，也不会太快走近一个陌生人。 
这种感觉很难用一句话解释。它不是豪华的东西，也不是旅游景点，而是普通日常里的温暖：有人愿意靠近你，有人愿意帮你，有人愿意和一个陌生人多说几句话。以前我觉得一个人旅行就是一个人吃饭、一个人坐车、一个人看风景。但在中国，我很多次感觉自己不是完全孤单的。 
也许中国有时候更热闹、更混乱、更没有计划，但也正因为这样，生活里多了一点真实的连接。瑞士给我的感觉是稳定和安静，中国给我的感觉是温暖和流动。也许我还没有完全理解中国文化，但我正在学习。谢谢你们一直以来的支持，也谢谢你们让我在中国感受到这种人情味。你们觉得这是中国生活的一部分吗？还是我只是运气好，遇到了很多温暖的人？ 
#瑞士
#中国生活
#外国人在中国
#广州
#上海citywalk
",339,12,28,0,379,萨沙Sascha,瑞士网友分享在深圳广州旅行时感受到的人情味，提到滴滴司机主动热情聊天、关心其旅行体验，让他感受到中国人的温暖善意。,司机,正向,网约车,抖音,司乘温暖,7653103122819631461,,
2026-06-19 22:21:48,在武汉打车司机师傅居然,https://www.iesdouyin.com/share/video/7653111632419825000,在武汉打车司机师傅居然！ 武汉真不愧是新一线城市，连滴滴司机都那么有素质，那么有文化，这个师傅背完了《洛阳神赋》， 全文！全文！背完了之后，他又说了几首诗， 我随机报了个名字，他又背出来了-《琵琶行》全文都背出来了，太牛了！  本来想加速的，因为师傅背诵的语速真的铿锵有力，特别有感情，还是原速发出来了。我下车的时候他还说，感谢你把人生中宝贵的时间留给我，听我来背诗。#武汉 #武汉加油 #滴滴司机 #经历不完的酸甜苦辣 #旅游,75,1,14,1,91,涵涵的煲,武汉滴滴司机为乘客背诵《洛阳神赋》和《琵琶行》全文，展现高文化素养和温情服务,司机,正向,网约车,抖音,司乘温暖,7653111632419825000,,
2026-06-20 16:21:03,治疗后脑子总有点不太灵光，这后遗症真让人无奈,https://www.iesdouyin.com/share/video/7653389755644134641,治疗后脑子总有点不太灵光，这后遗症真让人无奈。不过还好这个世界上好人多！必须好好夸夸今天遇到的滴滴司机师傅，拾金不昧的样子真的太暖了～#捡手机还给失主 #滴滴司机 #正能量 #生活碎片 #生活vlog,85,1,17,0,103,lulu在战斗,用户分享自己治疗后状态不佳，但遇到滴滴司机拾金不昧归还手机，表达感谢和温暖。,司机,正向,网约车,抖音,失物返还,7653389755644134641,,
2026-06-20 11:03:35,#滴滴夏季香卡 #滴滴夏日小乘凉 #滴滴好服务有回报,https://www.iesdouyin.com/share/video/7653307943940609390#ocr,"#滴滴夏季香卡
#滴滴夏日小乘凉
#滴滴好服务有回报",68,2,28,0,98,江湖游侠,用户发布参与滴滴夏季香卡及夏日服务话题的抖音内容,车内,正向,品牌,抖音,香卡,7653307943940609390,,
2026-06-19 01:25:06,#滴滴好服务有好回报 #滴滴清凉好服务,https://www.iesdouyin.com/share/video/7652787786605526202#ocr,"#滴滴好服务有好回报
#滴滴清凉好服务",35,0,48,0,83,北执c,发布滴滴清凉好服务及好服务有好回报话题相关内容,地广/活动,正向,品牌,抖音,品牌,7652787786605526202,,
2026-06-20 01:30:41,#滴滴好服务有好回报 #滴滴清凉好服务,https://www.iesdouyin.com/share/video/7653160305752964069#ocr,"#滴滴好服务有好回报
#滴滴清凉好服务",74,1,14,0,89,时间he路人,用户发布带有滴滴好服务有好回报及清凉好服务话题标签的品牌活动内容,地广/活动,正向,品牌,抖音,品牌,7653160305752964069,,
2026-06-20 20:07:42,#滴滴夏季香卡 #滴滴夏日小乘凉 #滴滴好服务有回报,https://www.iesdouyin.com/share/video/7653448158354081098#ocr,"#滴滴夏季香卡
#滴滴夏日小乘凉
#滴滴好服务有回报",66,2,30,0,98,江湖游侠,滴滴夏季香卡营销活动推广,地广/活动,正向,品牌,抖音,香卡,7653448158354081098,,
2026-06-20 01:44:22,真的很建议大家去滴滴的“她计划”里面设置全天有效呼叫女司机 简直太幸福了 #滴滴 #她计划,https://www.iesdouyin.com/share/video/7653163835624320485#ocr,"真的很建议大家去滴滴的“她计划”里面设置全天有效呼叫女司机 简直太幸福了
#滴滴 #她计划",422,32,118,89,661,神秘人28号,"建议用户在滴滴""她计划""中设置全天有效呼叫女司机功能，表示这样很幸福",产品力,正向,网约车,抖音,女性友好计划,7653163835624320485,,
2026-06-19 12:56:20,@奋斗的山里娃 #滴滴好服务有好回报 #滴滴清凉好服务,https://www.iesdouyin.com/share/video/7652965916044621734#ocr,"@奋斗的山里娃 
#滴滴好服务有好回报 
#滴滴清凉好服务",75,0,2,0,77,奋斗的山里娃,司机分享参与滴滴好服务及清凉服务活动相关内容,司机,正向,网约车,抖音,司机服务,7652965916044621734,,
2026-06-19 01:22:44,#滴滴好服务有好回报 #滴滴清凉好服务,https://www.iesdouyin.com/share/video/7652787174454884465#ocr,"#滴滴好服务有好回报
#滴滴清凉好服务",35,0,38,0,73,北执c,发布带有滴滴好服务有好回报及清凉服务活动标签的内容,地广/活动,正向,品牌,抖音,品牌,7652787174454884465,,
2026-06-20 18:17:02,#滴滴夏季香卡 #滴滴夏日小乘凉 #滴滴好服务有回报,https://www.iesdouyin.com/share/video/7653419644032331377#ocr,"#滴滴夏季香卡
#滴滴夏日小乘凉 #滴滴好服务有回报",102,0,4,0,106,魔都滴哥,司机发布带有滴滴夏季香卡话题标签的内容,车内,正向,网约车,抖音,香卡,7653419644032331377,,
2026-06-21 14:29:37,我呼吁大家都选女司机,https://www.iesdouyin.com/share/video/7653732123153863802#ocr,我呼吁大家都选女司机。#滴滴她计划 #滴滴 #女司机,36,0,24,75,135,清和十日夜,呼吁大家选择女司机,司机,正向,网约车,抖音,女司机,7653732123153863802,,
2026-06-21 14:26:16,😃#滴滴司机 #废话多的司机 #问东问西的滴滴司机 #打探隐私的滴滴司机,https://www.iesdouyin.com/share/video/7653731257889735778,😃#滴滴司机 #废话多的司机 #问东问西的滴滴司机 #打探隐私的滴滴司机,88,10,158,1,257,派大星我们去抓水母吧,乘客吐槽滴滴司机话多且打探隐私,司机行为投诉,负向,网约车,抖音,态度恶劣,7653731257889735778,,
2026-06-21 21:53:24,#滴滴好服务有回报 #百丽好服务手势舞挑战 今日流水396,https://www.iesdouyin.com/share/video/7653846486270087025#ocr,#滴滴好服务有回报 #百丽好服务手势舞挑战   今日流水396,62,0,23,0,85,努力奔跑🏃🏻‍♀️的姜女士,司机分享当日流水396元并参与滴滴好服务手势舞挑战活动,司机,正向,网约车,抖音,品牌,7653846486270087025,,
2026-06-22 03:53:53,用人民币感受新加坡物价的暴击,https://www.iesdouyin.com/share/video/7653939368838672881,用人民币感受新加坡物价的暴击。从机场打车去我家总共也就15分钟，居然要173人民币！国内的滴滴确实是太便宜了！😅😅😅#生活成本越来越高了 #新加坡物价 #新加坡物价vs中国物价 #新加坡成本 #出租车,27,0,43,1,71,Jennyzhangzhang,用户分享在新加坡机场打车15分钟花费173元人民币的经历，对比感慨国内滴滴价格便宜,场景,正向,网约车,抖音,机场/高铁接送,7653939368838672881,,
2026-06-20 15:30:07,#滴滴夏季香卡 #滴滴夏日小乘凉 #滴滴好服务有回报,https://www.iesdouyin.com/share/video/7653376629896941243#ocr,#滴滴夏季香卡 #滴滴夏日小乘凉 #滴滴好服务有回报,69,0,11,0,80,网约车司机老吴,网约车司机发布滴滴夏季香卡相关宣传内容,车内,正向,网约车,抖音,香卡,7653376629896941243,,
2026-06-22 12:43:54,今天打的#滴滴 我将给出一个好评～车内空气太清新了🥰#世界上不能没有女孩子,https://www.iesdouyin.com/share/video/7654075961462080738,今天打的#滴滴 我将给出一个好评～车内空气太清新了🥰#世界上不能没有女孩子,66,0,0,4,70,面包脑袋,用户表扬滴滴车内空气清新，给出好评并关联女司机话题,车内,正向,网约车,抖音,清新车,7654075961462080738,,
2026-06-20 20:23:21,#滴滴夏季香卡 #滴滴夏季小乘凉 #滴滴好服务有回报,https://www.iesdouyin.com/share/video/7653452197670050406#ocr,"#滴滴夏季香卡
#滴滴夏季小乘凉
#滴滴好服务有回报",66,0,12,0,78,最美的时光,用户发布滴滴夏季香卡相关话题内容,产品力,正向,品牌,抖音,香卡,7653452197670050406,,
2026-06-22 19:34:58,#奇妙的一天 #打碟嗨起来 今天打滴滴出门，也是被我遇上了，又让我听了一场徐良演唱会，专属于我自己，还配了一个打碟dj哈哈哈我跟司机说下次还要坐你的车嘿嘿,https://www.iesdouyin.com/share/video/7654181898852440945,#奇妙的一天 #打碟嗨起来 今天打滴滴出门，也是被我遇上了，又让我听了一场徐良演唱会，专属于我自己，还配了一个打碟dj哈哈哈我跟司机说下次还要坐你的车嘿嘿,150,8,73,321,552,Estel❤,用户打滴滴遇到司机播放徐良歌曲并配合打碟表演，体验愉快表示会再次乘坐,司机,正向,网约车,抖音,司乘互动,7654181898852440945,,
2026-06-20 17:58:22,#滴滴夏季香卡 #滴滴夏日小乘凉 #滴滴好服务有回报,https://www.iesdouyin.com/share/video/7653414832667286905#ocr,"#滴滴夏季香卡
#滴滴夏日小乘凉  #滴滴好服务有回报

【第1个视频中的语音内容】
自从车内摆放了夏季这个限定的显卡常态化的给乘客赠送小显卡后我的订单好频率入眼可见的网上掌后台的服务份好评说持续稳定提升这段时间积攒了超多乘客的正式好评平台订单评价里评论出现车内空气清新无疑味司机细心贴心服务超好夏季坐车很舒服体验敢烂满这类的优质评价有好几次长边好评让我印象特别深刻有一位同情的上班族诚课的评价夏天打了很多次车第一次遇到车内这么清爽没有闷热一味还有免费的小离品司机师傅特别用心必须五行好评还有一位带小宝宝到妈妈特意留言八宝坐车容易晕车今天全程很安慰窗内味道很舒服师傅服务细节大满下次还会优先预约这些真实的好评不是刻意刷出来的都是乘客真实的乘车感受每一次的好评都是对我们司机用心做好服务的最大认可",68,0,4,0,72,魔都滴哥,司机分享在车内放置滴滴夏季香卡后，因车内空气清新、服务贴心获得乘客好评的经历,车内,正向,网约车,抖音,香卡,7653414832667286905,,
2026-06-22 17:59:18,内江也有网约公交车啦 👍 #网约公交车 #公交车 #内江 #打车 #内江主持人艾伦,https://www.iesdouyin.com/share/video/7654157241679783540#ocr,"内江也有网约公交车啦 👍  #网约公交车 #公交车 #内江 #打车 #内江主持人艾伦

【第1个视频中的语音内容】
本主艾伦看遍内疆",93,20,32,203,348,内江艾伦演艺,内江开通网约公交车服务,场景,正向,站点巴士/公交/滴滴小巴,抖音,站点巴士,7654157241679783540,,
2026-06-23 11:45:15,#滴滴夏季香卡 #滴滴夏日小乘凉 #滴滴好服务有回报,https://www.iesdouyin.com/share/video/7654431934974119845#ocr,"#滴滴夏季香卡
#滴滴夏日小乘凉
#滴滴好服务有回报

【第1个视频中的语音内容】
大家好,我是滴滴司機余寶寶我在成都跑滴滴滴滴美好出行車輪滾滾向前好服務沒有終點滴滴夏季相卡滴滴夏日小晨娘滴滴好服務有回報這個言言夏日車類相對來說比較悶那麼滴滴平台這台真的是非常非常的貼心它不光給我們司機朋友準備了這種大箱卡放在車上同時的話還給乘客準備了小箱卡來跟著我們的鏡頭我們一起來看一下小箱卡是怎麼樣子的來這是一個放小想箱卡的一個盒子那麼盒子的顏色也是我們滴滴的一個特有的顏色橘色上面写着夏日小陈娘桑寧依女夏日清香可以免费带走哦有些乘客看到的话来会问一下然后我就会跟她说啊可以送一个给你这个是香卡来我们这个香卡上面也是嗯有很多种方嗯花案的哈有四种比如说有荷叶的叫荷叶微风有西瓜的叫西瓜甜心我们这一个的话是冰淇淋叫橘子冰棒还有夏日营光都非常非常的好看而且它是那种高密度吸水质香氛紧油就是很淡很淡的一个清香不会很嫩的那种夏日闻了之后的话就会给人一种非常非常舒心的一个感觉下面有我们的滴滴出行相当于也是给我们的小滴滴打了一个小小的广告乘客拿到这个的话来送他一个箱卡他会感觉非常非常的很开心哈这个就是滴滴给我们的一个送给乘客的一个非常好的一个小福利非常非常的棒",89,0,28,0,117,a鱼鲍鲍,滴滴司机介绍滴滴夏季香卡活动，展示车内放置的香氛卡片装置及赠送给乘客的小香卡福利。,车内,正向,网约车,抖音,香卡,7654431934974119845,,
2026-06-23 11:30:32,#滴滴夏季香卡#滴滴夏日小乘凉 #滴滴好服务有回报,https://www.iesdouyin.com/share/video/7654428143629861851#ocr,"#滴滴夏季香卡#滴滴夏日小乘凉
                      #滴滴好服务有回报

【第1个视频中的语音内容】
下季跑车福利,滴滴发放,夏日小成长,性静相卡,提升,乘客体验,豪平更容易涨弹箱不轻人,老人小孩,一云车乘客都是赔独特雪糕造型,辨识度超高星空至于外观,很多乘客会主动拍照分享,无形中提升,接单限力",72,0,7,0,79,龙龙姐,滴滴向司机发放夏季香卡福利，产品具有雪糕造型和星空外观，帮助提升乘客体验与司机口碑值,地广/活动,正向,品牌,抖音,香卡,7654428143629861851,,
2026-06-23 11:35:35,#滴滴夏季香卡 #滴滴夏日小乘凉 #滴滴好服务有回报,https://www.iesdouyin.com/share/video/7654429443800723129#ocr,"#滴滴夏季香卡
#滴滴夏日小乘凉
#滴滴好服务有回报

【第1个视频中的语音内容】
Hello大家好,我是滴滴司機魚寶寶,我在成都跑滴滴,滴滴美好出行車輪滾滾向前,好服務沒有終點。夏季相卡滴滴夏日小晨陽,滴滴好服務有回報。那么夏天来捞天气越来越热在车上的话来就嗯 必须要把空调打开保持我们车内的一个娘爽那么我们长时间车内的话都是嗯 不而不开窗 不通风的话相对来说会比较闷那么这个时候的话就会发现我们的滴滴大平台真的是特别特别的贴心给我们司机给我们乘客跟司机朋友们了都准备了夏季的箱卡带司机给司机朋友准备的话是这个夏季大的箱卡来跟着我的镜头我们一起来一下看一下这个大箱卡是怎么样子的来我们这个滴滴大箱卡它是配了两个这个绳子把它这要扣起来然后可以挂在我们的这个副驾的这个后面然后这个颜色的话来也是我们滴滴专属的一个颜色橘色的上面的话来会对有乘客的一些温馨小提醒然后还会有一些小贴室好下车注意后方来车啊有宝贵建业欢迎返回平台然后的话是去往每一种生活都是一个很好的祝福然后下面的话也是满满的夏日元素和叶偏偏可以饭粥的一个小图案非常的清新好看这里还有个小转盘可以转换起来转起来的时候的来会有淡淡的这个清香味嗯 出来闻起来的话特别的香 特别的好闻是一种很清香 很新香的气味这都是滴滴给我们的一种贴心福利哈让乘客在坐上车的时候感觉非常的好那样的话来我们也更容易得到乘客的一个好评所以小伙伴们滴滴真的非常非常的好",79,0,20,0,99,a鱼鲍鲍,滴滴司机展示平台发放的夏季香卡，介绍其挂在副驾后可散发清香，用于改善车内空气环境并提升乘客体验。,车内,正向,网约车,抖音,香卡,7654429443800723129,,
2026-06-23 10:31:12,优先女司机是滴滴最伟大的发明,https://www.iesdouyin.com/share/video/7654412855782048710#ocr,"优先女司机是滴滴最伟大的发明！再也不用上车就欻司机师傅的臭被窝儿里！再也不用听一路鸟语花香的吐槽！再也不用被迫听楚月的老登发言！再也不用全程提心吊胆忍受Bro的秘制飘逸技术！安静 干净 安全！#滴滴女司机上线

【第1张图片中的文字内容】
@知吾
06-23
优先女司机是滴滴最伟大
的发明！再也不用上车就
欻司机师傅的臭被窝儿
里！再也不用听一路鸟语
花香的吐槽！再也不用被
迫听楚月的老登发言！再
也不用全程提心吊胆忍受
Bro的秘制飘逸技术！安
静干净 安全！
10:30
Tuesday
抖音号：dy30yx3oyuly

【第2张图片中的文字内容】
@知吾
06-23
优先女司机是滴滴最伟大
的发明！再也不用上车就
欻司机师傅的臭被窝儿
里！再也不用听一路鸟语
花香的吐槽！再也不用被
迫听楚月的老登发言！再
也不用全程提心吊胆忍受
Bro的秘制飘逸技术！安
静干净 安全！
10:30
Tuesday
抖音号：dy30yx3oyuly

【第3张图片中的文字内容】
@知吾
06-23
优先女司机是滴滴最伟大
的发明！再也不用上车就
欻司机师傅的臭被窝儿
里！再也不用听一路鸟语
花香的吐槽！再也不用被
迫听楚月的老登发言！再
也不用全程提心吊胆忍受
Bro的秘制飘逸技术！安
静干净安全！
10:30
Tuesday
c 抖音号
dy30yx3oyuly

【第4张图片中的文字内容】
@知吾
06-23
优先女司机是滴滴最伟大
的发明！再也不用上车就
欻司机师傅的臭被窝儿
里！再也不用听一路鸟语
花香的吐槽！再也不用被
迫听楚月的老登发言！再
也不用全程提心吊胆忍受
Bro的秘制飘逸技术！安
静干净 安全！
10:30
Tuesday

【第5张图片中的文字内容】
@知吾
06-23
优先女司机是滴滴最伟大
的发明！再也不用上车就
欻司机师傅的臭被窝儿
里！再也不用听一路鸟语
花香的吐槽！再也不用被
迫听楚月的老登发言！再
也不用全程提心吊胆忍受
Bro的秘制飘逸技术！安
静干净 安全！
10:30
Tuesday

【第6张图片中的文字内容】
@知吾
06-23
优先女司机是滴滴最伟大
的发明！再也不用上车就
欻司机师傅的臭被窝儿
里！再也不用听一路鸟语
花香的吐槽！再也不用被
迫听楚月的老登发言！再
也不用全程提心吊胆忍受
Bro的秘制飘逸技术！安
静干净 安全！
10:30
Tuesday

【第1个视频中的语音内容】
Now a days kids like you don't know what you gotI'm always lookingCan never stick with one thingThere ain't no part time loveYou find that old kind of loveThat old school loveWhat more you needhair dizimotan你 자리춤고 차撒 며陣暗 부럽지 않게爬掌을 끼고한 장의 사진의軸을 담고밤 잠을 설쳐가며서로를 알아 가고我的梦想是你的未来我们在一起的一串美丽能够复杂的人我再次参与但在月前的旅游我们的欲望我们的欲望我们的欲望我们的哭泣你的哭泣我的眼睛看着我我总是想着我总是想着我总是想着我总是想着我总是想着我总是想着我总是想着我总是想着我总是想着我总是想着我总是想着你給嘗試 真是很可憐愛的玩意愛的一切愛的一切愛的一切愛的一切",28,2,52,1,83,知吾🐷,用户称赞滴滴优先女司机功能，认为女司机比男司机更安静、干净、安全，避免了异味、噪音和危险驾驶等问题。,司机,正向,网约车,抖音,女司机,7654412855782048710,,
2026-06-23 18:04:50,网约车暖心的牵绊 #乘坐网约车 #滴滴后排乘客的感受 #网约车路上 #网约车上趣事多 #打车的体验感,https://www.iesdouyin.com/share/video/7654529754007894649,网约车暖心的牵绊 #乘坐网约车 #滴滴后排乘客的感受 #网约车路上 #网约车上趣事多 #打车的体验感,141,2,6,1,150,桃子妹,分享网约车上的暖心牵绊和后排乘客感受,司机,正向,网约车,抖音,司乘温暖,7654529754007894649,,
2026-06-23 10:59:22,#滴滴夏季香卡 #滴滴夏日小乘凉 #滴滴好服务有回报,https://www.iesdouyin.com/share/video/7654420113769542523#ocr,"#滴滴夏季香卡
#滴滴夏日小乘凉
#滴滴好服务有回报

【第1个视频中的语音内容】
hello大家好我是滴滴司機魚寶寶我在成都跑滴滴滴滴美好出行車輪滾滾向前好服務沒有終點滴滴夏季相卡滴滴夏日小晨娘滴滴好服務有回報來我們的滴滴平台也是非常非常的貼心因為現在來到了夏天天气比较严热所以在车类的话基本上都需要开空调那么长时间车类开空调的话那么车类可能会比较闷啊不舒服嗯肯定会有点其他的小气味那么我们的滴滴真的滴滴大平台真的是嘿嘿嘿太太太贴心了嗯给我们司机朋友们发到邮下季的这个香卡有大香卡跟小香卡大香卡的话来我们可以把它挂在车上有淡淡的香味呃乘客在车上坐着也会闻着很舒服还有小香卡小香卡的话放在车上的话那么乘客需要的话来也可以送他一张真的是特别特别的贴心那跟着我的镜头,我们一起来看一下,我们的滴滴相卡吧来,这个是滴滴的大相卡,我把它放在我们的后排上面上面有写着,如果有需要,您随时说可以说调节空调啊,调整车窗啊,运车不是等等这些然后这个,下面这个是夏日小晨凉这个颜色是,也是绿色的,感觉非常的清爽啊这个的话来是可以转动的会有一股淡淡的这种清香味特别特别的好闻夏天闻闻的话来也不会感觉特别闷然后这边的话来要放着油夏日小陈粮这上面有一些小香卡小香卡的话来是可以送给乘客的如果乘客需要都可以送给乘客这也是滴滴做的特别非常非常好搞得一点大香卡跟小香卡所以眾多平台當中,一直堅定地跑滴滴就是因為有那麼多服務周到的,那麼細心周到的服務。",106,0,28,0,134,a鱼鲍鲍,滴滴司机展示平台发放的夏季香卡（大香卡和小香卡），用于改善车内空气环境，提升乘客乘车体验，并赞扬平台服务周到贴心。,产品力,正向,网约车,抖音,香卡,7654420113769542523,,
2026-06-24 12:17:06,打车低至5毛啊家人们，快来薅羊毛吧#打车 #滴滴打车 #汝州 #汝小小,https://www.iesdouyin.com/share/video/7654811228917635048,"打车低至5毛啊家人们，快来薅羊毛吧#打车 #滴滴打车 #汝州 #汝小小

【第1个视频中的语音内容】
你捞甜艳呀这啥念有了谁还理着烂茶嘞如肘里捞标门我给你说话生气了的方法手机纳锤就手掌优贤人负礼搭扎嘴底无谓求情还不用长时间该到路边去登场自己开车出决练我差我都招不住光那优气都够落地了出门了弄生地和设地",159,2,6,223,390,汝小小,用户分享滴滴打车低至5毛钱的优惠活动，吸引大家薅羊毛。,产品力,正向,网约车,抖音,价格优惠,7654811228917635048,,
2026-06-24 06:05:47,#滴滴夏季香卡#滴滴夏日小乘凉 #滴滴好服务有回报,https://www.iesdouyin.com/share/video/7654715539047488882#ocr,"#滴滴夏季香卡#滴滴夏日小乘凉
                      #滴滴好服务有回报

【第1个视频中的语音内容】
奔赴城市各处的路上,总需要一点清凉味级滴滴下着小城堂香卡,为每一段出行打造温柔氛围感放置车内工程客自取,以一旅轻浅草木香,消解剩下车厢的躁热雨沉闷小小一片香卡是滴滴藏在出行里的温柔心意",74,0,13,0,87,龙龙姐,滴滴推出夏季香卡放置在车内供乘客自取，以草木香为出行营造清凉温柔的氛围感,车内,正向,网约车,抖音,香卡,7654715539047488882,,
2026-06-24 13:46:08,此车停在和畅路停车场，走路无法进入，只能打车入场，在与滴滴师傅的密切配合下成功拍摄，表达感谢，另外在7.30执行包车任务后将正式报废#公交迷 #每一帧都是热爱 ,https://www.iesdouyin.com/share/video/7654834170204141418,"此车停在和畅路停车场，走路无法进入，只能打车入场，在与滴滴师傅的密切配合下成功拍摄，表达感谢，另外在7.30执行包车任务后将正式报废#公交迷 #每一帧都是热爱 #交通 #无锡

【第1张图片中的文字内容】
32005
莎B-60083
32009
J 抖音号：HXD1D0529

【第2张图片中的文字内容】
32005
莎B-60083
32009
J 抖音号：HXD1D0529

【第3张图片中的文字内容】
32005
苏B-60083
32009
J 抖音号：HXD1D0529

【第4张图片中的文字内容】
32005
第B-G0083
32009

【第5张图片中的文字内容】
32005
第B-G0083
32009

【第6张图片中的文字内容】
32005
苏B-G0083
32009",77,8,26,3,114,0529,用户为拍摄停放在和畅路停车场的公交车，打车入场并与滴滴司机密切配合完成拍摄，发文表达感谢。,司机,正向,网约车,抖音,司乘温暖,7654834170204141418,,
2026-06-24 17:13:44,在新兴的朋友们都收到通知了吗,https://www.iesdouyin.com/share/video/7654887671018521268,"在新兴的朋友们都收到通知了吗？
滴滴出行重磅福利来啦#网约车点 #强烈推荐 #滴滴车站 #网约车乘车点 #新兴出行

【第1个视频中的语音内容】
小孩,看過來了,別只用原價打車你們車行數碼領卷5折就8.5折打車直接幫你省一半車費這個活動全程覆蓋無論是日上上班行街主會走廣親友短途遊玩全部都可以用大街小行隨隨都有活動福利抽象非常簡單數碼下單就可以領主優惠下單就可以自動抵購車費呼叫響應快出行安穩右邊照這波超大車行福利千萬別錯過快點哭神親朋好友一齊嚟領住啦日常車行,省錢,遊省心親門打車,就認真啲啲打車端買一個月內有效,數碼之後快啲啲啲一下試試啦",42,14,3,58,117,Amy超女探店,推广滴滴在新兴地区的打车优惠活动及滴滴车站线下服务点,地广/活动,正向,网约车,抖音,滴滴站牌,7654887671018521268,,
2026-06-24 12:44:28,手机落在车上，工作手机里没余额，翻遍包里只找出几十块现金，只能拿这点钱当作酬劳感谢师傅，心里真的十分感激,https://www.iesdouyin.com/share/video/7654818280775601766,"手机落在车上，工作手机里没余额，翻遍包里只找出几十块现金，只能拿这点钱当作酬劳感谢师傅，心里真的十分感激。#好人好事 #滴滴司机 #好人一生平安传递正能量 #感谢 #上热门🔥

【第1个视频中的语音内容】
谢谢你我这次怎么感谢你呢我捉了60块钱你不要你这是我的血液你以为是吗我这数据你干什么谢谢",84,1,26,0,111,青峰幼儿园,乘客手机遗落在滴滴车上，司机归还后乘客用几十元现金作为酬劳表示感谢,司机,正向,网约车,抖音,失物返还,7654818280775601766,,
2026-06-23 06:37:47,滴滴清凉夏日送香卡，司乘和谐暖人心,https://www.iesdouyin.com/share/video/7654352701840976820#ocr,"滴滴清凉夏日送香卡，司乘和谐暖人心！#滴滴夏季香卡 #滴滴夏日小乘凉 #滴滴好服务有回报

【第1个视频中的语音内容】
大家好 我是在广州跑滴滴的亮亮刚刚我已经收到了咱们公司为我发出的一个假日清凉小卡片这个小卡片的话呢一拆开就有一种淡淡的清香而且的话也是非常的好玩的也可以送给乘客让乘客呢感受到我们滴滴公司的一个用心服务下面跟着我的镜头我带大家看一下吧兄弟们兄弟们夏日小香卡已经收到了这些小香卡的话是非常精美的到时候的话也可以然后的话下面还有一个挂在这个位置的挂在这个位置这个还可以撞一下这个我知道然后这个牌的话也可以挂在咱们这个附座上面非常的期待咱们弟弟给咱们送的礼物都是非常精美的很喜欢谢谢我们的滴滴公司来给你们种两个香薰小蚝对 祝你们章午节快乐玩开心点拜拜",198,0,37,0,235,广州滴滴亮亮,司机展示收到的滴滴夏日香卡礼物，介绍可挂在车内或赠送给乘客以提升服务体验,车内,正向,网约车,抖音,香卡,7654352701840976820,,
2026-06-23 09:27:04,#滴滴夏季香卡 #滴滴夏日小乘凉 #滴滴好服务有回报,https://www.iesdouyin.com/share/video/7654396325883397494#ocr,"#滴滴夏季香卡
#滴滴夏日小乘凉
#滴滴好服务有回报

【第1个视频中的语音内容】
大家好我是容昌跑滴滴的龙师傅本期画题滴滴夏季相卡滴滴夏日小车梁今天和大家分享一下就是这个滴滴夏卡片随着最近我们容昌这边的天气就是一个阴雨天阴雨天大家跑车的滴滴师傅都知道我们车里面长期都会散发出一种那种比较水车水车的味道但是最近我用上了这个滴滴相卡之后就大大了减少了这种水车的味道就是因为车里面曾经有种香卡有种香味马上发出来这种水车的味道就不怎么明显所以说我自己都能感受得到很多乘客都说其他车里面还有那种车的味道你这个车里面为什么没有呢就是因为用了这个滴滴的香卡片所以说很多司机还没用上还可以赶紧去用上乘客反应非常好一直都在夸张车里面这个味道比较很舒服很清爽而且这个小卡片也送的差不多了有几张了说完了话就没有了希望这期视频对了那些这种阴雨天有困扰的车里面有预备有困扰的师傅有所帮助可以去放一些这些小卡片三卡片骑车我们车里面的一个城城环境给乘客带来更好的乘车体验把这期视频希望对跑车的第四步有所帮助谢谢",71,0,3,0,74,龙队（滴滴达人计划）👍,滴滴司机分享使用滴滴夏季香卡改善车内阴雨天气导致的霉味，获得乘客好评，建议其他司机使用以提升乘车体验。,车内,正向,网约车,抖音,香卡,7654396325883397494,,
2026-06-22 21:45:07,滴滴清凉夏日送香卡，司乘和谐暖人心,https://www.iesdouyin.com/share/video/7654215433817605248#ocr,"滴滴清凉夏日送香卡，司乘和谐暖人心！#滴滴夏季香卡 #滴滴夏日小乘凉 #滴滴好服务有回报

【第1个视频中的语音内容】
各位英修的伍小伙伴大家好我是在广州跑滴滴的亮亮刚刚我已经说到了咱们公司为我发出的一个夏日清凉小卡片这个小卡片的话一拆开就有一种淡淡的清香而且的话也是非常的好玩的也可以送给乘客让乘客感受到我们滴滴公司的一个用心服务下面跟着我的镜头我带大家看一下吧兄弟们你们看我现在把这个夏日小卡片放在车上了一下子的话呢就感受就感觉到这里里面全部都是一个滴滴的一个压房氛围这个小卡片的话到时候是可以拆开送给成特的有我是小孩子的话都是特别的喜欢这里的话呢也是可以让你这个氛围感已经直接拉满了收到的小伙伴赶紧的装起来吧来送你们两个小卡片祝你们天天开心啊谢谢谢谢",179,0,31,0,210,广州滴滴亮亮,司机展示滴滴发放的夏日清凉香卡，将其布置在车内并计划赠送给乘客以营造氛围、传递服务心意,地广/活动,正向,品牌,抖音,香卡,7654215433817605248,,
2026-06-23 09:35:22,#滴滴夏季香卡 #滴滴夏日小乘凉 #滴滴好服务有回报,https://www.iesdouyin.com/share/video/7654398464206493439#ocr,"#滴滴夏季香卡
#滴滴夏日小乘凉
#滴滴好服务有回报

【第1个视频中的语音内容】
大家好我是龙仓跑滴滴的龙师傅本期话题滴滴相机相卡滴滴笑着笑着凉这期好大家分享一下就是我们车里面用的这个滴滴小相卡的好这个滴滴相卡的话滴滴这边已经用了大概快一个星期的时间受到了非常多的惩罚好评今天和大家分享一下就是昨天一个程度有一个成票拉了一个小朋友他妈妈早上拉了车去书小朋友在车上拉脾气非常心情不好心情不好他妈妈也很烦躁然后我看到他两个都不太开心我姐姐就给小朋友送了一个小卡片我说小朋友你看你要不需要一个这个就是这边送给你很香的这小朋友他当时没说话然后我给他说他就拿着了拿着之后他还是拆开了之后非常还是非常开心的他就叫妈妈给他打开他妈妈打开了之后这个好香啊然后他两个就慢慢的就化解了他们之间的一个矛盾所以说我们车里面啊可以真的背着这些小女品特别是小朋友有的事我还是很喜欢的哎他们有小朋友嘛对一个新鲜是新鲜的东西是非常感兴趣的因为我家的小孩跟我拿回的时候他也飞了要一个哎我给他拿了一个所以说哎大家在车里面背上这些小女物啊不不一式可以改善我们车内的一个城市环境二是呢有的时候啊一些小一些小女物啊可以增加乘客的一些城市体验化解一些乘客的一些矛盾这时候呢大家在平在车里面呢可以赶紧去背上这些哎这个相卡片小礼物啊我车上用的效果是非常好乘客反应非常好而且也经常给我好减这些东西也提升了我的一些不分所以说是非常有好处的希望这些视频呢可以给那些律师傅带来一些帮助提升质量啊或者乘客机就分呐喊带一些帮助这些视频就到这里谢谢大家",82,0,5,0,87,龙队（滴滴达人计划）👍,司机分享使用滴滴夏季香卡的经验，讲述通过赠送香卡给发脾气的小朋友化解母子矛盾的故事，建议其他司机准备小礼品提升服务质量和乘客体验。,司机,正向,网约车,抖音,香卡,7654398464206493439,,
2026-06-24 09:40:51,#滴滴夏季香卡 #滴滴夏日小乘凉 #滴滴好服务有回报,https://www.iesdouyin.com/share/video/7654770963493510565#ocr,"#滴滴夏季香卡 
#滴滴夏日小乘凉
#滴滴好服务有回报

【第1个视频中的语音内容】
哈嘍 各位朋友們 大家早上好滴滴 香卡來了 滴滴 夏日小晨涼為了跟乘客營造一個乾淨整潔的一個車類環境滴滴這邊發放了一些物料給我們因為夏天假日來了嘛 比較不熱滴滴這邊也發放了一些掛件比如說這個提醒牌 空調车窗 运车不是都可以提前给我们讲这边夏日小成良比较清新的一个味道还有我们可以送给乘客随处带走的一个下机相卡我们重新这边是一个橘子冰棒这是放在我们的扶手箱是可以让乘客带走的车内收拾干净整洁卫生也让乘客眼前一亮這也是大大提升了我們讓乘客有一個更好的乘車環境是非常有必要的也提升了乘客對我們的一個好感度也讓乘客對這筆訂單打好評的劇率增加提醒很重要空調車窗這些不合適比如說空調不合適可以進行調節让乘客感觉有比较坐这个车嘛就感觉比较我们司机比较在乎这边订单啊也站在乘客的角度上让乘客有一个干净整结而且比较舒适的一个乘车环境是非常有必要的啊这就是我的尹韵车辆打造夏日乘辆的一个车内环境",153,0,23,0,176,重庆滴滴姚师傅,司机展示滴滴平台发放的夏季香卡、空调提醒牌等车内物料，用于改善车内环境提升乘客体验。,车内,正向,网约车,抖音,香卡,7654770963493510565,,
2026-06-24 10:46:39,滴滴呀 你家代言人怎么这么萌呀,https://www.iesdouyin.com/share/video/7654787920742418107,"滴滴呀 你家代言人怎么这么萌呀！
#王安宇#滴滴出行网约车青春代言人王安宇#蔚来王安宇

【第1张图片中的文字内容】
滴滴
滴滴
jiangjiangss丸师傳团內您接单

【第2张图片中的文字内容】
滴滴
滴滴
jiangjiangss丸师傳团內您接单

【第3张图片中的文字内容】
囗滴滴
• 滴滴
jiangjiangn丸师傳品內您接单

【第4张图片中的文字内容】
滴滴
滴滴
jiangjiang~丸师傅已为您接单

【第5张图片中的文字内容】
滴滴
滴滴
jiangjiang~丸师傅已为您接单

【第6张图片中的文字内容】
囗滴滴
• 滴滴
jiangjiang~丸师傅已为您接单

【第7张图片中的文字内容】
滴滴
• 滴滴
蔚来
NIO
fiangjang～丸师傅忌为您接单

【第8张图片中的文字内容】
滴滴
• 滴滴
蔚来
NIO
fiangjang～丸师傅忌为您接单

【第9张图片中的文字内容】
囗滴滴
滴滴
蔚来
NIO
2
fiangjang～丸师傅尽为您接单

【第10张图片中的文字内容】
滴滴
滴滴
蔚来
NIO
20
fiangjiang～丸师傅已为您接单

【第11张图片中的文字内容】
滴滴
滴滴
蔚来
NIO
20
fiangjiang～丸师傅已为您接单

【第12张图片中的文字内容】
囗滴滴
滴滴
蔚来
NIO
fangjang~丸师傅已为您接单

【第1个视频中的语音内容】
坐下 坐上我的副駕你打扮的还是一样 很热辣我游戏太麻麻就把势力过大但只要你需要我能把信息设下来 送给我的女孩我真的钱太多了需要你来离开Rose go Cartier 跑车我有机台我却只想早上能从你身边醒来春暖的花开 带走冬天的感伤微风吹来浪漫",91,4,0,12,107,鱼丸星星toi,展示滴滴出行新代言人王安宇相关的APP接单提示音界面，夸赞代言人很萌,地广/活动,正向,品牌,抖音,品牌,7654787920742418107,,
2026-06-24 12:38:44,#滴滴夏季香卡 #滴滴夏日小乘凉 #滴滴好服务有回报,https://www.iesdouyin.com/share/video/7654816804150393482#ocr,"#滴滴夏季香卡 #滴滴夏日小乘凉 #滴滴好服务有回报

【第1个视频中的语音内容】
哈嘍大家好我是滴滴十幾米悠然咱們平台給咱們免費有機的香港的已經到了不是那種往上慢的廉價相片這個質感特別好慢慢的下日去清爽風格圖案都是這種夏天的小清新設計看著就兩塊乾淨掛在車領的送給這個氛圍乾冷就拉慢了大相卡掛在附加頭枕後面不當視野,也不影響乘客小相卡,咱們請他給送的折子盒子放進去,真正機器的擺放在中央的扶手台上看著也特別的規整送給乘客時,也須拿須取,比較方便師傅們都知道,夏天跑車車子天天報曬車裡頭也看著城門還感覺亞裔換上這款夏季的專屬箱卡一夜望去是清爽乾淨味道也是淡淡的傾向不刺鼻也不用扔可以上車的第一感覺就是舒服就專業咱們這個箱卡它是可以經過自解認證的咱們把車廂內的這個環境衛生做好,整潔,乾淨,清爽這些服務都小細節做好了,好評自然多服務份高了,咱們就有有血派單的傾斜好服務,有好回報",74,0,15,0,89,梅悠冉,司机展示滴滴平台发放的夏季香卡，介绍其设计质感、车内摆放方式及清爽香味，说明通过改善车内环境可提升乘客体验和服务分。,车内,正向,网约车,抖音,香卡,7654816804150393482,,
2026-06-24 13:52:03,#滴滴夏季香卡 #滴滴夏日小乘凉 #滴滴好服务有回报,https://www.iesdouyin.com/share/video/7654835697514644443#ocr,"#滴滴夏季香卡 #滴滴夏日小乘凉 #滴滴好服务有回报

【第1个视频中的语音内容】
哦大家好我是滴滴四季美悠然一切夏天跑车呢最怕的就是车内有意味这样呢很容易就受到差评影响咱们的服务法平台呢也是给咱们之所及想咱们之所想吧给咱们免费尤其的这个夏日乡卡给我们带来了夏日的小成粮大乡卡呢挂在附加后小乡卡呢放在中控我们送给乘客也为他们带了一丝夏儿的清凉这个橘子冰棒相卡设计感的细节拉满气和拇指的凹槽设计被华手方便操作可以说一张小小的相卡解决了夏天车厢有意味的问题乘客坐着舒服也愿意跌好平我们的服务方也就越来越稳幼稚订单也越来越多让我们转起来把好服务转起来把好用情转起来美好出行低低出行带你去往每一种生活",74,0,19,0,93,梅悠冉,滴滴司机展示平台免费发放的夏季香卡，用于改善车内异味、提升乘客乘车体验和司机服务分,车内,正向,网约车,抖音,香卡,7654835697514644443,,
2026-06-20 18:08:45,#滴滴夏季香卡 #滴滴夏日小乘凉 #滴滴好服务有回报,https://www.iesdouyin.com/share/video/7653417506778453433#ocr,"#滴滴夏季香卡
#滴滴夏日小乘凉  #滴滴好服务有回报

【第1个视频中的语音内容】
跑火烟车拼的就是耐心和细节夏季跑车想要稳住流水稳住口碑不用刻意费力内卷把基础的车内环境做好就是最高的性价比这个运营技巧一张夏季大摘卡挂在附加室投准后方即使装饰也是实用好物颜值与功能双向在线视觉像,规整干净的挂室让车内换言一心摆脱夏日沉闷枯燥的氛围锈纠上持续散香除味时刻保持车内空气清新通透完美解决了夏日车内闷热意味潮湿的所有问题对于我们跑的跑车的对地师傅来讲只是随手一个简单的操作就能给乘客带来极致的乘车体验大幅提升司乘的做车体验用心打理每一处乘类细节给乘客干净清爽的舒适出身环境不仅能让自己开车时心情更舒尚环节跑车疲惫更能持续积累好口碑拉高综合服务分在单击稳留水忘记冲高分4是所有的网友车下季必学的实用小技巧感谢滴滴片台送的小鲜卡",69,0,3,0,72,魔都滴哥,司机分享使用滴滴夏季香卡改善车内环境除味、提升乘客乘车体验的经验,车内,正向,网约车,抖音,香卡,7653417506778453433,,
2026-06-24 12:15:12,#王安宇 #滴滴出行 #幸运抽中,https://www.iesdouyin.com/share/video/7654810738905718885,"#王安宇 #滴滴出行 #幸运抽中

【第1张图片中的文字内容】
11:361
「宇」你一起去往每一种。
网的平請者代E！
恭喜您抽中•
◎
填写收货地垭
你要吗
被溺爱了。
我靠
你抽到了！
要要要！
地址发来
小抖音号：Tt12280811

【第2张图片中的文字内容】
11:361
「宇」你一起去往每一种。
网的平請者代E！
恭喜您抽中•
◎
填写收货地垭
你要吗
被溺爱了。
我靠
你抽到了！
要要要！
地址发来
小抖音号：Tt12280811

【第3张图片中的文字内容】
11:364
「宇」你一起去往司一种…
1◎
王安宇
蒸享您抽中•
车酱遗卡
填写畋货地址
你要吗
被溺爱了。
我靠
你抽到了！
要要要！
地址发来
J 抖音号：Tt12280811

【第4张图片中的文字内容】
11:364
…6日
「宇」你一起去往每一种。
◎
网的车清者代亘人
上安宇
恭壽您抽中•
三窆遗卡
填写收货地址
你要吗
被溺爱了。
我靠
你抽到了！
要要要！
地址发来

【第5张图片中的文字内容】
11:364
…6日
「宇」你一起去往每一种。
◎
网的车清者代亘人
上安宇
恭壽您抽中•
三窆遗卡
填写收货地址
你要吗
被溺爱了。
我靠
你抽到了！
要要要！
地址发来

【第6张图片中的文字内容】
11:364
「宇」你一起去往司一种…
1◎
网的车清寄/人
王安宇
蒸喜您抽中，
车酱遗卡
填写畋货地址
你要吗
被溺爱了。
我靠
你抽到了！
要要要！
地址发来

【第1个视频中的语音内容】
Listen boy, this is my first love story.This is my angel and the girls have felt shy.",103,2,89,340,534,°ʚ小小娜大王ɞ°,用户分享参与滴滴出行与王安宇相关的品牌抽奖活动并中奖的截图,地广/活动,正向,品牌,抖音,品牌,7654810738905718885,,
2026-06-24 19:46:20,出差返程回深圳，遇到一位有趣的网约车司机先生，车上有一本子，就有了今天的记录,https://www.iesdouyin.com/share/video/7654926996971281818,"出差返程回深圳，遇到一位有趣的网约车司机先生，车上有一本子，就有了今天的记录。
人人都在自愈，人人都有前路。#人间众生相#与生活和解 #城市赶路人#生活的苦与甜 
#真实生活分享计划

【第1张图片中的文字内容】
也灯燉遊到最丁方
很積糕
太發了
“服务太雙啦，
我想夸夸司机”
点司机头像 奖期司 一个
“大拘指
不妨说说你的最近那些值得高兴的事
让你意难平的琐碎无人诉说的小废话
也可以形容
今天的心情近期的小目标
留下一段共勉的话署名加上日期
乘车途中放下手机想想近况那些生活的苦与甜
可以看到其实大家都在努力追求美好生活
生活远没有你想象的那么糟糕
最后祝大家旅途愉快阖家幸福
伞亮
菜欢知名加充立
主总是危满波料
最重要的是演你.
爱的人。珍以在一起的.

【第2张图片中的文字内容】
也灯燉遊到最丁方
很積糕
太發了
“服务太雙啦，
我想夸夸司机”
点司机头像 奖期司 一个
“大拘指
不妨说说你的最近那些值得高兴的事
让你意难平的琐碎无人诉说的小废话
也可以形容
今天的心情近期的小目标
留下一段共勉的话署名加上日期
乘车途中放下手机想想近况那些生活的苦与甜
可以看到其实大家都在努力追求美好生活
生活远没有你想象的那么糟糕
最后祝大家旅途愉快阖家幸福
伞亮
菜欢知名加充立
主总是危满波料
最重要的是演你.
爱的人。珍以在一起的.

【第3张图片中的文字内容】
四打单控到是不刀
很積糕
一般般
太赞了
“服务太發啦，
我想夸夸司机”
点司机头你奖励司机一个
“大與指
不妨说说你的最近那些值得高兴的事
的琐碎无人诉说的小废话
也可！
的心情近期的小目标
留下一段共勉的话署名加上日期
乘车途中放下手机想想近况那些生活的苦与甜
可以看到其实大家都在努力追求美好生活
生活远没有你想象的那么糟糕
最后祝大家旅途愉快阖家幸福
卡上亮
原途量
森欢名加充生
主总是危满浪料
重要的是猪你
爱的人，五今上在一起么.
J

【第4张图片中的文字内容】
很種糕
太澱了
“服务太雙啦，
我想夸奇司机”
点司机头你奖期司机一个
“大拘指
不妨说说你的最近那些值得高兴的事
让你意难平的琐碎无人诉说的小废话
也可以形容
今天的心情近期的小目标
留下一段共勉的话署名加上日期
乘车途中放下手机想想近况那些生活的苦与甜
可以看到其实大家都在努力追求美好生活
生活远没有你想象的那么糟糕
最后祝大家旅途愉快阖家幸福
伞下亮
創定产
森欢名即社生
主总是危满浪新
者重要的是演情你
爱的人。玲惜在一起的

【第5张图片中的文字内容】
很種糕
太澱了
“服务太雙啦，
我想夸奇司机”
点司机头你奖期司机一个
“大拘指
不妨说说你的最近那些值得高兴的事
让你意难平的琐碎无人诉说的小废话
也可以形容
今天的心情近期的小目标
留下一段共勉的话署名加上日期
乘车途中放下手机想想近况那些生活的苦与甜
可以看到其实大家都在努力追求美好生活
生活远没有你想象的那么糟糕
最后祝大家旅途愉快阖家幸福
伞下亮
創定产
森欢名即社生
主总是危满浪新
者重要的是演情你
爱的人。玲惜在一起的

【第6张图片中的文字内容】
四打单控到是不刀
很積糕
一般般
太赞了
“服务太發啦，
我想夸夸司机”
点司机头你奖励司机一个
“大與指
不妨说说你的最近那些值得高兴的事
的琐碎无人诉说的小废话
也可！
的心情近期的小目标
留下一段共勉的话署名加上日期
乘车途中放下手机想想近况那些生活的苦与甜
可以看到其实大家都在努力追求美好生活
生活远没有你想象的那么糟糕
最后祝大家旅途愉快阖家幸福
卡上亮
原途量
森欢名加充生
主总是危满浪料
重要加是流你
愛的人、2上在一起么.

【第7张图片中的文字内容】
Date.
2026.6.23.
世界比我想象中更膀呢
“一重复的每一天都是给我和会
提炼生活的深刻”.给了我不一样
的祝野，我也重這着相像又不相像
～每一天，到结地往前走、现在同时
有着前进的脚和后邀的心.
希望你我都能更好地
感受重复确一天。
小抖音号：118315660
去上
在我市
找已3
废成
没有了
我不
不想
今年
希阅

【第8张图片中的文字内容】
Date.
2026.6.23.
世界比我想象中更膀呢
“一重复的每一天都是给我和会
提炼生活的深刻”.给了我不一样
的祝野，我也重這着相像又不相像
～每一天，到结地往前走、现在同时
有着前进的脚和后邀的心.
希望你我都能更好地
感受重复确一天。
小抖音号：118315660
去上
在我市
找已3
废成
没有了
我不
不想
今年
希阅

【第9张图片中的文字内容】
Date.
2026.6.13.
世界比我想象中央隔怖
“一重复的每一天都是给我和会
提炼生活的深刻”.给了我不一样
的祝野。我也重豆着相像又不相像
～每一天，纠结地往前走、敢在同时
有着前进的脚和后邀的心.
希望你我都能更好地
感受重海每一天.
小抖音号：118315660
去上
｛3
经足
e星在1
在我節
废成
没有了
我不
不
今年

【第10张图片中的文字内容】
Date.
2026.6.13.
世界比我想象中更膀弦。
“重复的每一天都是给我批会
提淋生活的深刻”.给了我不一样
的祝野。我也真豆着相像又不相像
～每一天，到结地往前走，现在同时
有着前进的脚和后邀的心.
希望你我都能更好地
感受重复研每一天。
去上
私
经迟
在我節
废成
没有了
我不

【第11张图片中的文字内容】
Date.
2026.6.13.
世界比我想象中更膀弦。
“重复的每一天都是给我批会
提淋生活的深刻”.给了我不一样
的祝野。我也真豆着相像又不相像
～每一天，到结地往前走，现在同时
有着前进的脚和后邀的心.
希望你我都能更好地
感受重复研每一天。
去上
私
经迟
在我節
废成
没有了
我不

【第12张图片中的文字内容】
Date.
2026.6.1.
世界比我想象中央隔怖
“一重复的每一天都是给我和会
提炼生活的深刻”.给了我不一样
的祝野。我也重豆着相像又不相像
～每一天，纠结地往前走、敢在同时
有着前进的脚和后邀的心.
希望你我都能更好地
感受重复确每一天。
．
去上
｛3
经足
白星在1
在我節
废成
没有了
我不

【第1个视频中的语音内容】
字幕by索兰娅",60,6,6,9,81,再也不熬夜,用户出差返程回深圳遇到一位有趣的网约车司机，车上设有留言本供乘客记录心情、留言和互动,司机,正向,网约车,抖音,留言本,7654926996971281818,,
