发布日期,投放截止,状态,进展,作者昵称,标题,链接,笔记ID,一级分类,二级分类,投放记录,投前互动量,投后互动量,投放后点赞量,投放后收藏量,投放后评论量,总互动量,总投放金额,总CPE,备注
,,已停,1.5投200,,年龄大了就变得很性感 坐滴滴也感动,https://www.xiaohongshu.com/explore/695b1f300000000022009397?app_platform=ios&app_version=8.48&share_from_user_hidden=true&xsec_source=app_share&type=normal&xsec_token=CB7hh0DDHZjUdGUXDAWzOm6Habf8wig9ip58AlEejnhJs=&author_share=1&xhsshare=CopyLink&shareRedId=Nz5IQjhKRk88SDtDP0E3SEs4Tz9HR0c6&apptime=1767580352&share_id=e6952b058e0e48c6bbdada3d44ef2460,,乘车体验,,,1,117,,,,118,200,1.69,
,,已停,"1.7投200
1.8追1000
1.9追2000",,滴滴你真的！太让人感动了！,https://www.xiaohongshu.com/explore/695befa7000000002200a12a?app_platform=ios&app_version=8.48&share_from_user_hidden=true&xsec_source=app_share&type=normal&xsec_token=CB7hh0DDHZjUdGUXDAWzOm6O0nGAaHWmv4Mtpzt8IPq0Q=&author_share=1&xhsshare=CopyLink&shareRedId=Nz5IQjhKRk88SDtDP0E3SEs4Tz9HR0c6&apptime=1767697430&share_id=69895452d7c1402aa28741489b3e1354,,可选女司机,,,25,5450,,,,5475,3200,0.58,千赞
,,已停,1.7投200,,滴滴司机的浪漫,https://www.xiaohongshu.com/explore/695dbbc8000000001a031bd1?xsec_token=AB7wIGeFg7mGOW9Ojt3JptQRMN0ZW0MOIqGkfcZ_wHPIM=&xsec_source=pc_search&source=unknown,,乘车体验,,,2,122,,,,124,200,1.61,
,,已停,"1.9投200
1.12追500
1.13追1000",,滴滴出打车，女性朋友们可以选择女司机航喽,https://www.xiaohongshu.com/explore/695e0782000000000a03105b?note_flow_source=wechat&xsec_token=CBG6qfdJXY0JhmJaLiqPXszP43urj2SLTgzDCExBoLW6g=,,可选女司机,,,1,1402,,,,1403,1700,1.21,千赞
,,已停,"1.9投200
1.12追500
1.13追2000
1.14追5000",,我爱尔滨people！,https://www.xiaohongshu.com/discovery/item/695f4cb0000000001a025ff5?app_platform=ios&app_version=8.48&share_from_user_hidden=true&xsec_source=app_share&type=normal&xsec_token=CBLzXmrJPIyb52DsZNwIGMyX7MPqkZb2y8qCFIQNGgC3c=&author_share=1&xhsshare=CopyLink&shareRedId=Nz5IQjhKRk88SDtDP0E3SEs4Tz9HR0c6&apptime=1767946978&share_id=ac6452d682c247b88094fff64c731fee,,司乘温暖,,,267,7800,,,,8067,7700,0.95,千赞
,,已停,1.12投200,,杨柳青古镇网约公交上线，随叫随到🎉,https://www.xiaohongshu.com/explore/69605ef2000000000d009701?app_platform=ios&app_version=8.97&share_from_user_hidden=true&xsec_source=app_share&type=normal&xsec_token=CBd2g4E068EALNqJzCMqQAcrcPuzThi6eYaXUbBqdftJ8=&author_share=1&xhsshare=CopyLink&shareRedId=ODo5RjNGRj42NzUyOTgwNjhFOTdFNz08&apptime=1768207583&share_id=1f2b0396012f470e8d8b7144db6ecd2f,,公交,,,114,42,,,,156,200,1.28,
,,已停,1.12投200,,杨柳青网约公交车🚌上线,https://www.xiaohongshu.com/explore/69609d94000000000e00ce93?app_platform=ios&app_version=8.97&share_from_user_hidden=true&xsec_source=app_share&type=normal&xsec_token=CBd2g4E068EALNqJzCMqQAckf5R3f7tOCN5fJ-nAmWkkQ=&author_share=1&xhsshare=CopyLink&shareRedId=ODo5RjNGRj42NzUyOTgwNjhFOTdFNz08&apptime=1768207725&share_id=f2ef77e8b9d44a369fdaed2fc47adb19,,公交,,,3,42,,,,45,200,4.44,
,,已停,"1.12投200
1.13追500
1.14追1000
1.15追2000",,杨柳青也是好起来了,https://www.xiaohongshu.com/explore/6963b54f000000001a036c98?app_platform=ios&app_version=8.97&share_from_user_hidden=true&xsec_source=app_share&type=normal&xsec_token=CBjlcDKL7RTnfRjZ3NA0Q77nQZkN3W4L4FoiEk9ViMYX0=&author_share=1&xhsshare=CopyLink&shareRedId=ODo5RjNGRj42NzUyOTgwNjhFOTdFNz08&apptime=1768207830&share_id=4eeea73a0aa64be38d50e850a1e6393f,,公交,,,2,1920,,,,1922,3700,1.93,千赞
,,已停,"1.13投200
1.14追500
1.15追1000",,好可爱的滴滴司机,https://www.xiaohongshu.com/explore/6965b816000000000e03c97c?app_platform=ios&app_version=8.48&share_from_user_hidden=true&xsec_source=app_share&type=normal&xsec_token=CBG9Ax4k19OQ5gZj8ejX2r1EFNeeId6W3gPvaoeTM9A54=&author_share=1&xhsshare=CopyLink&shareRedId=Nz5IQjhKRk88SDtDP0E3SEs4Tz9HR0c6&apptime=1768281018&share_id=5480b5bd437c4232897aed8ec5f3189f,,乘车体验,,,1,1380,,,,1381,1700,1.23,千赞
,,已停,"1.13投200
1.14追1000
1.15追2000
1.16追5000",,滴滴优先女司机！,https://www.xiaohongshu.com/explore/6964fba8000000000903b1cb?xsec_token=ABRm7MWF_z6TPJSasDNcahCgIbk9o2v0WL-G9oe0hT5kI=&xsec_source=pc_search&source=unknown,,可选女司机,,,1,9038,,,,9039,8200,0.91,千赞
,,已停,1.13投200,,耶耶体验官报到！,https://www.xiaohongshu.com/explore/696491e5000000001a02f3dc?xsec_token=ABRm7MWF_z6TPJSasDNcahCruwgOxjRVXOnAZvMpB3i4k=&xsec_source=pc_search&source=unknown,,宠物出行,,,22,330,,,,352,200,0.57,拒审
,,已停,"1.13投200
1.14追1000
1.15追2000
1.19追5000",,滴滴女性友好订单,https://www.xiaohongshu.com/explore/6964fcf7000000000e00c0c5?xsec_token=ABRm7MWF_z6TPJSasDNcahCrfpKkYtSsUT2Cilcxkk9d0=&xsec_source=pc_search&source=unknown,,可选女司机,,,5,12683,,,,12688,8200,0.65,万赞
,,已停,1.13投165,,女性友好，女性团结！,https://www.xiaohongshu.com/explore/69612ed2000000000a030070?note_flow_source=wechat&xsec_token=CBQf1ZVXP1jnxxqGiMpX6cH4ZakdFZ2uBo4LvTjyBL4B0=,,可选女司机,,,1674,180,,,,1854,165,0.09,
,,已停,"1.13投200
1.14追500
1.15追1000
1.16追2000
1.19追5000",,滴滴打到女司机的车有感,https://www.xiaohongshu.com/explore/6965ea00000000001a027985?xsec_token=ABhj-J7kfrozTlvTUPI2vfxkufVbEiU27etAnORGV7KVs=&xsec_source=pc_feed,,乘车体验,,,6,9835,,,,9841,8700,0.88,千赞
,,已停,1.13投200,,网约公交车坐上啦，好玩好玩😘,https://www.xiaohongshu.com/explore/6965a346000000001a023c08?app_platform=ios&app_version=8.97&share_from_user_hidden=true&xsec_source=app_share&type=normal&xsec_token=CBsUFowIQWN23ilvtQQTlxbtL4-N9Q8bSGqgrZl2DVAog=&author_share=1&xhsshare=CopyLink&shareRedId=ODo5RjNGRj42NzUyOTgwNjhFOTdFNz08&apptime=1768290224&share_id=ab7c95e689a8476c8ca538de69959810,,公交,,,4,74,,,,78,200,2.56,
,,已停,1.13投200,,天津空港网约公交体验,https://www.xiaohongshu.com/explore/6964b584000000001a0205e5?app_platform=ios&app_version=8.97&share_from_user_hidden=true&xsec_source=app_share&type=normal&xsec_token=CB5FJ0ZenalcxXz60wsylSA13xmhmGBWU6NP9aw0fNPsM=&author_share=1&xhsshare=CopyLink&shareRedId=ODo5RjNGRj42NzUyOTgwNjhFOTdFNz08&apptime=1768290311&share_id=6b4b901ebe1e4c7fa8370513e5fcbb8c,,公交,,,0,121,,,,121,200,1.65,
,,已停,1.13投200,,南昌网约车即将被取代,https://www.xiaohongshu.com/explore/695f87220000000022009274?app_platform=ios&app_version=8.97&share_from_user_hidden=true&xsec_source=app_share&type=video&xsec_token=CBi141WvBzY0hkAGR3HXv2grds27aaFrlEA1HAOhBAazM=&author_share=1&xhsshare=CopyLink&shareRedId=ODo5RjNGRj42NzUyOTgwNjhFOTdFNz08&apptime=1768291952&share_id=b9e9bab3adeb489fb6352318011779f1,,公交,,,7,75,,,,82,200,2.44,
,,已停,1.14投200,,谁懂打到女司机香香车的救赎感？,https://www.xiaohongshu.com/explore/696649390000000022033297?xsec_token=ABldMmJ9slrHgO6tVhnJBBsA8-UomGH3mrYdn1a6I5DBU=&xsec_source=pc_search&source=unknown,,可选女司机,,,3,136,,,,139,200,1.44,
,,已停,1.14投200,,滴滴支持呼叫女司机啦！！,https://www.xiaohongshu.com/explore/69660537000000000a02eace?xsec_token=ABldMmJ9slrHgO6tVhnJBBsE5BlVYNMuo2oknujA57MPM=&xsec_source=pc_search&source=unknown,,可选女司机,,,0,125,,,,125,200,1.6,
,,已停,"1.14投200
1.15追500
1.16追2000
1.19追5000
1.20追2000",,打到这样的滴,https://www.xiaohongshu.com/explore/69673363000000000a02db51?xsec_token=AB4uQXQMtNu4NAMlGt4YNdQ6L4AJFjrJa8PdKStC24cIY=&xsec_source=pc_feed,,乘车体验,,,3,10161,,,,10164,9700,0.95,万赞
,,已停,1.14投200,,蛤？🤨有人坐过网约公交吗？,https://www.xiaohongshu.com/explore/6966e4c4000000000a02ed9d?app_platform=ios&app_version=8.97&share_from_user_hidden=true&xsec_source=app_share&type=normal&xsec_token=CBn1B8GYR4Qfb-pPYJGOVvWwcJdWzKG3dRdDfZ_4Ij1iY=&author_share=1&xhsshare=CopyLink&shareRedId=ODo5RjNGRj42NzUyOTgwNjhFOTdFNz08&apptime=1768364070&share_id=cfde6fba5892411daf78fdee7b80197f,,公交,,,5,42,,,,47,200,4.26,
,,已停,"1.15投200
1.16追500
1.19追5000
1.20追5000",,滴滴女性友好打车,https://www.xiaohongshu.com/explore/696845f5000000000a03e667?xsec_token=ABE1OwAL6LyUm3Hsg_F8ZsibpPgviGEheCl6Co-e0HjLc=&xsec_source=pc_search&source=unknown,,可选女司机,,,1,12457,,,,12458,10700,0.86,万赞
,,已停,"1.15投200
1.16追500
1.19追2000",,网约公交车都出来了吗😂,https://www.xiaohongshu.com/explore/6968a124000000000b00902f?source=webshare&xhsshare=pc_web&xsec_token=ABzqj2vCEPChySiIo-A4R1-6l0Fn3ZnduJXUlic24FynE=&xsec_source=pc_share,,公交,,,4,2444,,,,2448,2700,1.1,千赞
,,已停,"1.21投200
1.22追1000
1.22追5000",,当我在滴滴上勾选了“女性安全”出行后...,https://www.xiaohongshu.com/explore/697027ac0000000009038a58?app_platform=ios&app_version=9.17.2&share_from_user_hidden=true&xsec_source=app_share&type=normal&xsec_token=CBBOiBH5XVHSa6qJKI5kIvN477j8wjhS-dQJgl3Gn7q8Y=&author_share=1&xhsshare=WeixinSession&shareRedId=Nz0yMUhJRT83SjU5TU4zTDc0QTw0Rkc9&apptime=1768963129&share_id=eeba3e75c63e4f5a962e1981bf9e59cc,,可选女司机,,,47,4012,,,,4059,6200,1.53,千赞
,,已停,1.21投200,,合肥网约公交车,https://www.xiaohongshu.com/explore/696db3f5000000002203be65?source=webshare&xhsshare=pc_web&xsec_token=ABnNlJUZC609i20CZX1fWgaV4tsXbEswGLZTSZ1qKwCCM=&xsec_source=pc_share,,公交,,,14,92,,,,106,200,1.89,
,,已停,1.22投200,,滴滴可以选择可选女司机啦,https://www.xiaohongshu.com/explore/69704f8e000000002102bced?xsec_token=ABFFAE8J7Ad6BujWpjVCk3HuMSW0pOEtJqpb7lrBwUpEo=,,可选女司机,,,4,108,,,,112,200,1.79,
,,已停,1.22投200,,滴滴女性友好计划可以选女司机,https://www.xiaohongshu.com/explore/697024fd00000000220380e8?xsec_token=ABFFAE8J7Ad6BujWpjVCk3HkqEH0KYlYN-ZC-73DEOSYI=,,可选女司机,,,5,91,,,,96,200,2.08,
,,已停,1.23投200,,第一次坐网约公交 这个太优秀了,https://www.xiaohongshu.com/explore/69717bd9000000000b013435?source=webshare&xhsshare=pc_web&xsec_token=ABZm3BPtXD9a5Zs4XNnv7nMxJHK5VPfTtz3FCE-4a7lHY=&xsec_source=pc_share,,公交,,,0,111,,,,111,200,1.8,
,,已停,1.27投200,,滴滴上大分！,https://www.xiaohongshu.com/explore/6977525e000000001a03025b?xsec_token=ABsQLBQMqNESz28wtPnuXq47pxXPKNNt8vvMNUBSh7aSI=,,可选女司机,,,5,128,,,,133,200,1.5,
,,已停,1.28投200,,滴滴司机的松弛感,https://www.xiaohongshu.com/explore/697803e8000000002102af09?xsec_token=ABjkz-Pt4_oPfov2DOjfMH5icxXQ6XEwo4GuVkeVKRlGM=,,乘车体验,,,0,151,,,,151,200,1.32,
,,已停,1.30投200,,网约公交车！滴滴届的蜜雪冰城,https://www.xiaohongshu.com/explore/6976fc790000000022009df5?source=webshare&xhsshare=pc_web&xsec_token=ABlt_EaIj-oJQbD6d4tfvCqrq31l6BZ36rrMBJZ6tLttI=&xsec_source=pc_share,,公交,,,11,124,,,,135,200,1.48,
,,已停,1.30投200,,这个我是真想办卡！,https://www.xiaohongshu.com/explore/6976cdf900000000210331fd?source=webshare&xhsshare=pc_web&xsec_token=ABlt_EaIj-oJQbD6d4tfvCqmLsB2NGr-gKUAVF79XgJJY=&xsec_source=pc_share,,公交,,,4,160,,,,164,200,1.22,
,,已停,2.3投200,,"金华网约公交🚌咱也是坐上啦
",https://www.xiaohongshu.com/explore/69805f37000000001a022fdb?source=webshare&xhsshare=pc_web&xsec_token=ABA0pKRuRq34IIzfajcGLbqxVapK6SBop96uuTOc_uVpU=&xsec_source=pc_share,,公交,,,11,171,,,,182,200,1.1,
,,已停,2.3投200,,金华网约公交车,https://www.xiaohongshu.com/explore/6980498f000000002202dc51?source=webshare&xhsshare=pc_web&xsec_token=ABA0pKRuRq34IIzfajcGLbq2p2Nxn2zZbm2-aB3n8lmfg=&xsec_source=pc_share,,公交,,,10,116,,,,126,200,1.59,
,,已停,2.3投200,,金华滴滴网约公交,https://www.xiaohongshu.com/explore/697f4e800000000022030e94?source=webshare&xhsshare=pc_web&xsec_token=AB3KoMqJ0Lf1VDtuxC-Cj5x1tx38ttBL1WcqWcsUBFbI8=&xsec_source=pc_share,,公交,,,10,62,,,,72,200,2.78,
,,已停,2.3投200,,我的公交专车司机来接我啦,https://www.xiaohongshu.com/explore/697f0ff8000000000a02e298?source=webshare&xhsshare=pc_web&xsec_token=AB3KoMqJ0Lf1VDtuxC-Cj5x7w-biqKxfbiOfi1sYuil2c=&xsec_source=pc_share,,公交,,,21,138,,,,159,200,1.26,
,,已停,2.5投200,,滴滴可以优先女司机,https://www.xiaohongshu.com/explore/69831916000000002103319e?xsec_token=ABxlLTtX-TNoCqnwleReymuJmAltHx9m-pS_x72jw984k=&xsec_source=pc_search&source=web_explore_feed,,可选女司机,,,1,124,,,,125,200,1.6,
,,已停,2.5投200,,滴滴可以选女司机可太棒了,https://www.xiaohongshu.com/explore/6982e9610000000022008a67?xsec_token=ABLSzz0Pzom_IUo-fmks8DjEEoU-WnGm20adFyFSYmO9Y=&xsec_source=pc_search&source=web_explore_feed,,可选女司机,,,3,,,,,3,,66.67,无法投
,,已停,2.5投200,,滴滴可以优先呼叫女司机啦,https://www.xiaohongshu.com/explore/6982e54f000000001a03242e?xsec_token=ABLSzz0Pzom_IUo-fmks8DjMsxAejmVTcJUWMOkkFDJ04=&xsec_source=pc_search&source=web_explore_feed,,可选女司机,,,5,149,,,,154,200,1.3,
,,已停,2.5投200,,大力支持滴滴女性友好计划,https://www.xiaohongshu.com/explore/6981dff5000000000a03dc1a?xsec_token=ABw29fZQrAW_PIwXwmamKaOlbagyzCaphYEMmUPx-YTCY=&xsec_source=pc_search&source=web_explore_feed,,可选女司机,,,80,61,,,,141,200,1.42,
,,已停,2.5投200,,我也可喜欢女司机啦！,https://www.xiaohongshu.com/explore/698090dd00000000220096f0?xsec_token=ABTrVhRsImkpg3ZMcNe25wFVfnQM1eWJnK9xo8pgvzbsg=&xsec_source=pc_search&source=web_explore_feed,,可选女司机,,,7,86,,,,93,200,2.15,
,,已停,2.5投200,,这个世界需要更多的女司机！！！,https://www.xiaohongshu.com/explore/697c8940000000001a025695?xsec_token=AB7wM8cLYDSx-at0rs4t_eJnpjwSJ_uppTJebOvkOVJkI=&xsec_source=pc_search&source=web_explore_feed,,可选女司机,,,473,123,,,,596,200,0.34,
,,已停,2.5投200,,立刻选择优先女司机,https://www.xiaohongshu.com/explore/697ff735000000002801efa7?xsec_token=AB-gl7ulWJoR0Fbg3f7TabHGreGKFGo_tZae0cw7br2B8=&xsec_source=pc_search&source=web_explore_feed,,可选女司机,,,6,231,,,,237,200,0.84,
,,已停,2.5投200,,女司机永远让我安心,https://www.xiaohongshu.com/explore/697f2579000000000e00f6e4?xsec_token=AB-gl7ulWJoR0Fbg3f7TabHI4v_tbylOxUXG1g5kX9ZH8=&xsec_source=pc_search&source=web_explore_feed,,可选女司机,,,1,160,,,,161,200,1.24,
,,已停,2.5投200,,很高兴南京作为滴滴女性司机优先的试点城市,https://www.xiaohongshu.com/explore/697e9dc4000000001a032405?xsec_token=ABJznBG5-qRO4febEHXWJLy0t64u0d7Kdcr_K9iQ6TEHY=&xsec_source=pc_search&source=web_explore_feed,,可选女司机,,,8,287,,,,295,200,0.68,
,,已停,2.5投200,,感谢滴滴推出的女性友好计划🧡,https://www.xiaohongshu.com/explore/697daabe000000000b009942?xsec_token=AB8Pbc-tqxjN_8kffghnApMAoFH1mKSHDIKNmoVPM0hQw=&xsec_source=pc_search&source=web_explore_feed,,可选女司机,,,13,,,,,13,,0,无法投
,,已停,2.5投200,,可以选女司机好幸福,https://www.xiaohongshu.com/explore/697da08300000000280221bb?xsec_token=AB8Pbc-tqxjN_8kffghnApMEu4c1Sr6wbTvllEWePgFXM=&xsec_source=pc_search&source=web_explore_feed,,可选女司机,,,5,,,,,5,,0,无法投
,,已停,2.5投200,,大家都是怎么设置滴滴女性友好的啊,https://www.xiaohongshu.com/explore/697c82d8000000002202dbf1?xsec_token=AB7wM8cLYDSx-at0rs4t_eJp1ERLVpq0gRGCjrH7hP1EA=&xsec_source=pc_search&source=web_explore_feed,,可选女司机,,,0,149,,,,149,200,1.34,
,,已停,2.9投200,,滴滴女性友好计划真好,https://www.xiaohongshu.com/explore/69882ca70000000015022b3d?xsec_token=ABKpxO8kbjoRqXc7aCaIT9WYkY_03XQOpVy4uQFUnDYKQ=&xsec_source=pc_search&source=web_explore_feed,,可选女司机,,,2,77,,,,79,200,2.53,
,,已停,2.9投200,,滴滴好样的！可以设置全天优选女司机了！,https://www.xiaohongshu.com/explore/69892510000000000c037a45?xsec_token=ABFP9FIsuLe-pjQHZTo0bM5JFhmn7LVQup4pi7h0IE4FE=&xsec_source=pc_search&source=web_explore_feed,,可选女司机,,,3,38,,,,41,200,4.88,
,,已停,2.9投200,,除了专车，如何打到无烟车的小 tips,https://www.xiaohongshu.com/explore/6987ff23000000001a02cbc3?xsec_token=AB5GJV3Ej7SSd9EVp9uWXjZdDN-oK84x0R3xfPyxCKEEI=&xsec_source=pc_search&source=web_explore_feed,,可选女司机,,,11,98,,,,109,200,1.83,
,,已停,2.9投200,,滴滴女性友好计划！好！,https://www.xiaohongshu.com/explore/6985bf2d000000000e03cc1f?xsec_token=AB2Ig_XpDWRR0hGffudLQpIpqmb9EeE4j4PRzHR-pwDzg=&xsec_source=pc_search&source=web_explore_feed,,可选女司机,,,29,,,,,29,,0,无法投
,,已停,2.9投200,,吹爆滴滴女乘客可以优先选女司机,https://www.xiaohongshu.com/explore/69857d00000000000b010cbb?xsec_token=AB2Ig_XpDWRR0hGffudLQpItc5m3aVkYGA3bzy06e8x2A=&xsec_source=pc_search&source=web_explore_feed,,可选女司机,,,26,209,,,,235,200,0.85,
,,已停,2.9投200,,女生深夜打车总算不心虚了，被这个功能给暖,https://www.xiaohongshu.com/explore/698421670000000022023b38?xsec_token=ABZ6xRaHQxAimRqkfr2Spb4SpHh8Cg-VL7KK4ZU9GPGrs=&xsec_source=pc_search&source=web_explore_feed,,可选女司机,,,14,170,,,,184,200,1.09,
,,已停,2.9投200,,#网约车 #滴滴出行 #手握方向盘的女孩,https://www.xiaohongshu.com/explore/6983535a0000000021030088?xsec_token=ABxlLTtX-TNoCqnwleReymuMlQXEgjqlbAEJeVKAwpzP8=&xsec_source=pc_search&source=web_explore_feed,,可选女司机,,,5,125,,,,130,200,1.54,
,,已停,2.9投200,,滴滴可以选女司机可太棒了,https://www.xiaohongshu.com/explore/6982e9610000000022008a67?xsec_token=ABLSzz0Pzom_IUo-fmks8DjFqnTUx75WEsGkcWUY_PTrI=&xsec_source=pc_search&source=web_explore_feed,,可选女司机,,,3,,,,,3,,0,无法投
,,已停,2.11投200,,带娃打卡网约公交车，橙色的小巴士很亮眼,https://www.xiaohongshu.com/explore/698865d1000000000c03640a?source=webshare&xhsshare=pc_web&xsec_token=ABHTN20y87nxat_PnKWx3gJngoKcfNHPKkI1EjkYKNhUY=&xsec_source=pc_share,,公交,,,7,95,,,,102,200,1.96,
,,已停,2.11投200,,南昌交通太方便！,https://www.xiaohongshu.com/explore/698c2f63000000001a035ea1?source=webshare&xhsshare=pc_web&xsec_token=ABkg-1abHqQiP6r_wuY6TScupI4LqPZ-KKm62tItaA6Xs=&xsec_source=pc_share,,公交,,,4,74,,,,78,200,2.56,
2026-02-28 00:00:00,2026-03-07 00:00:00,停投,,,🈚️,https://www.xiaohongshu.com/explore/69a1791c000000001d010e81?source=webshare&xhsshare=pc_web&xsec_token=ABUfS-RvMXp__59TETeHFmyVM5vzKBFdGWn4rXtF_Kl7w=&xsec_source=pc_share,69a1791c000000001d010e81,产品力,网约公交,"3.1投放200元
3.2投放1000元",8,896,,,,985,1200.64,1.22,
2026-03-05 00:00:00,2026-03-12 00:00:00,停投,,,🌸打车遇到的司机姐姐 比春天还治愈,https://www.xiaohongshu.com/explore/69a8e38d000000001503a3a7?xsec_token=ABti5UUL7otvHinRdQXMziCKQKwU9CJCzBPyja9fO64iU=,69a8e38d000000001503a3a7,司机,司乘温暖,"3.5投放9.95元
3.6投放13.18元
3.7投放25.48元
3.8投放34.19元",4,27,,,,28,82.8,2.96,
2026-03-10 00:00:00,2026-03-17 00:00:00,停投,,,现在的专车也太卷了吧！,https://www.xiaohongshu.com/explore/69affbc10000000015032a56?xsec_token=ABcOPnb0grNW1USjMZaatAj7Iqr_BNA86ssQuWCiqrv6o=,69affbc10000000015032a56,产品力,专车/豪华车,"3.11投放54.00元
3.12投放135.91元
3.13投放140.52元
3.14投放65.88元",1,201,,,,244,396.31,1.62,
2026-03-10 00:00:00,2026-03-17 00:00:00,停投,,,女性友好,https://www.xiaohongshu.com/explore/69b01dc1000000001b01ed03?xsec_token=ABxcM-eyF_j3KzqyE-f6D92XpYQ37jZYU5liR-c3cd3uM=,69b01dc1000000001b01ed03,产品力,女性友好计划,3.11投放202.14元,1,117,,,,119,202.14,1.7,
2026-03-12 00:00:00,2026-03-19 00:00:00,停投,,,所有人立刻加入滴滴女性友好计划！,https://www.xiaohongshu.com/explore/69b21bd0000000001d0138fd?xsec_token=ABdoX6O_JHSaJWE4cS8BMj_B0N9KtS6x8Cvx9-ApbL_mk=,69b21bd0000000001d0138fd,产品力,女性友好计划,3.13投放211.14元,47,143,,,,1915,211.14,0.11,"该笔记在投放中因社区规则被判定为有风险笔记,已暂停投放。"
2026-03-13 00:00:00,2026-03-20 00:00:00,停投,,,滴滴宠物快车分享🧐,https://www.xiaohongshu.com/explore/69b37a8a000000001d024cd1?xsec_token=ABHvyKgHL3h-usA6hmqw2VubRDcm0NysHrBTztEpztnkg=&xsec_source=pc_search&source=web_explore_feed,69b37a8a000000001d024cd1,产品力,宠物出行,"3.13投放51.60元
3.14投放150.14元",2,110,,,,112,201.74,1.8,
2026-03-16 00:00:00,2026-03-23 00:00:00,停投,,,女司机真好啊我要坐一辈子女司机的车,https://www.xiaohongshu.com/explore/69b792a9000000001a02afc2,69b792a9000000001a02afc2,司机,女司机,"3.18投放201.48元
3.19投放523.21元",104,448,,,,546,724.69,1.33,
2026-03-18 00:00:00,2026-03-25 00:00:00,停投,,,滴滴的这个优先女司机🌸 功能 好评,https://www.xiaohongshu.com/explore/69b97f4b000000001a025f04?xsec_token=AB98dphKY-NFEQethyEEoheEt7QrFzcolAAGr0aSCjQ38=,69b97f4b000000001a025f04,产品力,女性友好计划,"3.18投放34.12元
3.19投放326.13元
3.20投放331.12元",3,366,,,,370,691.37,1.87,
2026-03-19 00:00:00,2026-03-26 00:00:00,停投,,,可以选女司机了,https://www.xiaohongshu.com/explore/69bb56c40000000022000ad3?xsec_token=ABEmVnt27AS9ByoQNUMpJIsCsnFl5yxBFb2Ml8asGLKCU=,69bb56c40000000022000ad3,产品力,女性友好计划,3.19投放189.49元,3,99,,,,105,189.49,1.8,
2026-03-16 00:00:00,2026-03-23 00:00:00,停投,,,来横店，滴滴司机都是NPC,https://www.xiaohongshu.com/explore/69b54315000000001a020481?xsec_token=WBG6lqhuyR6fLntc1H_asxiMeKjgfQBcXNucgSOOaSDfw=&xsec_source=pc_ad,69b54315000000001a020481,司机,司乘互动,3.19投放200.23元,5,113,,,,115,200.23,1.74,
2026-03-16 00:00:00,2026-03-23 00:00:00,停投,,,女性友好是说走就走的保障,https://www.xiaohongshu.com/explore/69b65943000000001a027ac3?xsec_token=WB34nkkdslWtIDvgdFF-Q5Gt71epM-Osm8_16SCJ6drVM=&xsec_source=pc_ad,69b65943000000001a027ac3,产品力,女性友好计划,3.19投放202.10元,4,117,,,,120,202.1,1.68,
2026-03-16 00:00:00,2026-03-23 00:00:00,停投,,,当你坐进一辆满是鲜花的滴滴,https://www.xiaohongshu.com/explore/69b6b3a0000000002202ae4c?xsec_token=WB34nkkdslWtIDvgdFF-Q5GswMdhDnOdwCTYgr8DPkr58=&xsec_source=pc_ad,69b6b3a0000000002202ae4c,车内,司机自发装置,3.20投放200.90元,2,104,,,,97,200.9,2.07,
2026-03-15 00:00:00,2026-03-22 00:00:00,停投,,,滴滴好香,https://www.xiaohongshu.com/explore/69b5f9a00000000023005fd7?xsec_token=WBG6lqhuyR6fLntc1H_asxiCHcTvXPimu_fPLdomMG6Gk=&xsec_source=pc_ad,69b5f9a00000000023005fd7,车内,香卡,"3.19投放55.56元
3.20投放146.06元",2,113,,,,103,201.62,1.96,
2026-03-17 00:00:00,2026-03-24 00:00:00,停投,,,美好事物会随时出现,https://www.xiaohongshu.com/explore/69b7f81a000000002200f24c?source=webshare&xhsshare=pc_web&xsec_token=ABclzOmwReMyydPW2joQTjQi73LlGJxUABkBlWR3YOxbA=&xsec_source=pc_share,69b7f81a000000002200f24c,司机,司乘温暖,3.22投放203.98元,0,112,,,,104,203.98,1.96,
2026-03-22 00:00:00,2026-03-29 00:00:00,停投,,,想给司机师傅加鸡腿,https://www.xiaohongshu.com/explore/69bfd8c8000000001f000976?xsec_token=ABPOYeXkqi8W0XzpKpSvnlc3tulkZTnNxw_hzXIKDIGdc=,69bfd8c8000000001f000976,司机,司机服务,3.23投放203.19元,2,107,,,,104,203.19,1.95,
2026-03-20 00:00:00,2026-03-27 00:00:00,停投,,,100个滴滴司机的故事-你有在认真生活吗,https://www.xiaohongshu.com/explore/69bccc140000000023005ca2?xsec_token=ABPMsgV-vpoJ3-Y7OMGmYctFfa8oNbS5iMzmXB7fSGbuA=,69bccc140000000023005ca2,司机,司乘温暖,"3.24投放4.77元
3.26投放6.05元",1,4,,,,6,10.87,1.81,
2026-03-22 00:00:00,2026-03-29 00:00:00,停投,,,女生打车刚需：优先女司机,https://www.xiaohongshu.com/explore/69bea7b60000000022000a56?xsec_token=ABwo9qQXRpr8gwjGe71zKGiIbZTXCC3jsJzYLpGUVfWqU=,69bea7b60000000022000a56,产品力,女性友好计划,3.23投放199.63元,0,112,,,,101,199.63,1.98,
2026-03-23 00:00:00,2026-03-30 00:00:00,停投,,,不想再打到臭车？快去打开🚗女性友好模式,https://www.xiaohongshu.com/explore/69bf60530000000028008789?xsec_token=ABPOYeXkqi8W0XzpKpSvnlc8_DUDXpKtJIVGp7EPV1k3k=,69bf60530000000028008789,产品力,女性友好计划,"3.23投放29.73元
3.24投放132.30元
3.25投放36.72元",4,106,,,,108,198.75,1.84,
2026-03-22 00:00:00,2026-03-29 00:00:00,停投,,,滴滴可以选女司机了！,https://www.xiaohongshu.com/explore/69c00ef00000000023024dd2?xsec_token=AB5J6D-5Z2lrH4vToiJjqGe12agNkuVAzyVlUHOHgY1vI=,69c00ef00000000023024dd2,产品力,女性友好计划,3.23投放204.28元,4,119,,,,119,204.28,1.72,
2026-03-23 00:00:00,2026-03-30 00:00:00,停投,,,这就是滴滴特快的速度！👍,https://www.xiaohongshu.com/explore/69c015000000000023015743?xsec_token=AB5J6D-5Z2lrH4vToiJjqGexDIEVUrPyA0PmM5NK230dQ=,69c015000000000023015743,产品力,叫车快,3.23投放204.36元,2,115,,,,110,204.36,1.86,
2026-03-24 00:00:00,2026-03-31 00:00:00,停投,,,滴滴这个AI叫车PM出来挨夸,https://www.xiaohongshu.com/explore/69c203f7000000002102fd4f?xsec_token=ABqcgmRylZh1W59G1mu8qab42ivyejOGRLcUJ0quwfVl8=,69c203f7000000002102fd4f,产品力,AI叫车/AI小滴,"3.24投放61.15元
3.25投放142.03元",1,109,,,,103,203.18,1.97,
2026-03-25 00:00:00,2026-04-01 00:00:00,停投,,,感谢滴滴打车😘,https://www.xiaohongshu.com/explore/69c33b140000000021004e52?xsec_token=ABdpONJOjt_de_peMQG2PK03LflFSQyqpNIkh1iKCxZOs=,69c33b140000000021004e52,司机,司机服务,"3.25投放16.16元
3.26投放13.50元
3.27投放8.69元
3.28投放24.19元",2,29,,,,26,62.54,2.41,
2026-03-25 00:00:00,2026-04-01 00:00:00,停投,,,凌晨三点，被一束温暖的光接走了🌟,https://www.xiaohongshu.com/explore/69c3c7bf0000000022027d94?xsec_token=ABdpONJOjt_de_peMQG2PK04P2ZS2XxO8KgAIcCQqSi-s=,69c3c7bf0000000022027d94,司机,司乘温暖,3.27投放203.38元,4,108,,,,119,203.41,1.71,
2026-03-29 00:00:00,2026-04-05 00:00:00,停投,,,爱死滴滴的女性友好订单了,https://www.xiaohongshu.com/explore/69c9282a0000000021038b68?xsec_token=ABO0Y-_R8pz7wpNyVv3Mbex17pVNR8OgiO1jDl24wqWkY=,69c9282a0000000021038b68,产品力,女性友好计划,3.30投放173.60元,108,94,,,,246,173.6,0.71,
2026-03-28 00:00:00,2026-04-04 00:00:00,停投,,,昆明到大理，站点巴士超方便！,https://www.xiaohongshu.com/explore/69c7829a00000000230244d5?app_platform=android&ignoreEngage=true&app_version=9.20.0&share_from_user_hidden=true&xsec_source=app_share&type=normal&xsec_token=CBCwtZZ2dohOrf7XFciMfj1scdOINORWe1MuP6MIJ0XI8=&author_share=1&shareRedId=N0pFMjk6SkI2NzUyOTgwNjY0OTc6NTc8&apptime=1774845901&share_id=a4a14dd6bd7349be877fe658158a995b&share_channel=copy_link&appuid=5dc265f90000000001006013&xhsshare=CopyLink,69c7829a00000000230244d5,产品力,站点巴士,"3.31投放34.74元
4.01投放46.15元
4.02投放114.55元",8,106,,,,126,195.44,1.55,
2026-04-02 00:00:00,2026-04-09 00:00:00,停投,,呼呼再也不睡懒觉,被宠物治愈的瞬间,https://www.xiaohongshu.com/explore/69cdd2910000000023011fd6?xsec_token=ABMZD-8KEsL9pDypjf5pvIR5OGffRJ6NNI9LFtF7k-3Hs=,69cdd2910000000023011fd6,产品力,宠物出行,4.02投放236.43元,4,144,137,3,3,148,236.43,1.6,
2026-04-03 00:00:00,2026-04-10 00:00:00,停投,,美食部书记,滴滴打车可以打公交车啊🚌只要三块！,https://www.xiaohongshu.com/explore/69d091da000000001b001175?app_platform=android&ignoreEngage=true&app_version=9.20.0&share_from_user_hidden=true&xsec_source=app_share&type=normal&xsec_token=CBwobPjDPmOOxyIAxfE9zk4PKG3AVKxgxu8tsekq8vqsk=&author_share=1&shareRedId=N0pFMjk6SkI2NzUyOTgwNjY0OTc6NTc8&apptime=1775531987&share_id=90c15ce089e04ad3b6946fd47e53ce0b&share_channel=copy_link&appuid=5dc265f90000000001006013&xhsshare=CopyLink,69d091da000000001b001175,产品力,网约公交,4.08投放203.37元,0,116,98,9,3,103,236.43,2.3,
2026-04-09 00:00:00,2026-04-16 00:00:00,停投,,娜娜娜子,今天出门玩突然下起大暴雨，完全没带伞，我和狗狗浑身都被淋透了想赶紧打车回家，就在滴滴上叫了宠物专车。,https://www.xiaohongshu.com/explore/69d7a3a5000000001a035581?xsec_token=AB1z-5upmiYZZWKsX2hTW9yiKgDAzVO-hZP-IKceaH0NM=,69d7a3a5000000001a035581,产品力,宠物出行,4.10投放210.00元,70,136,134,1,1,221,210,0.95,
2026-04-13 00:00:00,2026-04-20 00:00:00,停投,,小满的生活体验日记📕,新体验｜女性友好快车&纵向卧铺列车,https://www.xiaohongshu.com/explore/69dbd67c000000001a02680a?xsec_token=ABRRV5w5Q5q-uQYh7gVRPmMlKrIdBgrD2zh3OOQ0jS2jw=,69dbd67c000000001a02680a,产品力,女性友好计划,4.14投放201.70元,2,114,108,5,1,117,201.7,1.72,
2026-04-13 00:00:00,2026-04-20 00:00:00,停投,,是肉肉呀,第一次坐宠物专车，体验感太好了！！,https://www.xiaohongshu.com/explore/69dc59ef000000001a028bbf?xsec_token=ABuHm2VVL9If9tOenMXINt-dGcQNs9dh4qNYrOXU8rKtE=,69dc59ef000000001a028bbf,产品力,宠物出行,4.13投放202.27元,10,118,117,1,0,163,202.27,1.24,
2026-04-11 00:00:00,2026-04-18 00:00:00,停投,,我气饱了,含金量超高的埃及🇪🇬打车攻略,https://www.xiaohongshu.com/explore/69d8d3910000000022000919?xsec_token=ABfvdJ9NapNLuQ9Q2UxTyFI1feepV_rya-HMDUmNdqhOQ=&xsec_source=pc_search&source=web_explore_feed,69d8d3910000000022000919,产品力,海外打车,"4.13投放41.91元
4.14投放59.45元
4.15投放61.38元",249,77,31,37,1,336,162.74,0.48,
2026-04-17 00:00:00,2026-04-24 00:00:00,停投,,轻松盐焗熊,打到一辆很可爱的车,https://www.xiaohongshu.com/explore/69e1a0b6000000001d01f65d?xsec_token=ABPf6W9nl4PIWVJH6gXwtswfhb9kZDmVecBUgWSVU8Xf0=,69e1a0b6000000001d01f65d,车内,特殊车型/车衣,4.17投放205.57元,9,118,111,4,2,135,205.57,1.52,
2026-04-18 00:00:00,2026-04-25 00:00:00,停投,,西梁好,【测评】滴滴巴士测评来啦！,https://www.xiaohongshu.com/explore/69e2247a00000000230040e2?app_platform=android&ignoreEngage=true&app_version=9.20.0&share_from_user_hidden=true&xsec_source=app_share&type=normal&xsec_token=CBbKDpEiz_PRvS2Fqzks4qNzaYtV4MqK3pHPhMvd525jI=&author_share=1&shareRedId=N0pFMjk6SkI2NzUyOTgwNjY0OTc6NTc8&apptime=1776654411&share_id=5428cb9baa8d4624bbdf79c60a222aaf&share_channel=copy_link&appuid=5dc265f90000000001006013&xhsshare=CopyLink,69e2247a00000000230040e2,产品力,站点巴士,"4.20投放5.29元
4.21投放2.23元
4.22投放29.09元
4.23投放37.40元",136,29,21,3,1,183,74.01,0.4,
2026-04-18 00:00:00,2026-04-25 00:00:00,停投,,苏哥 suger,版纳限定｜雨林之心号发车🚌,https://www.xiaohongshu.com/explore/69e1fb3c000000001f003ee2?app_platform=android&ignoreEngage=true&app_version=9.20.0&share_from_user_hidden=true&xsec_source=app_share&type=video&xsec_token=CBilX6zXNpx51SRhsKlSyFdgyKWDYudIm2nTvD4l4zDqE=&author_share=1&shareRedId=N0pFMjk6SkI2NzUyOTgwNjY0OTc6NTc8&apptime=1776654790&share_id=38940b306b664ff68ae2b95c21bd13ff&share_channel=copy_link&appuid=5dc265f90000000001006013&xhsshare=CopyLink,69e1fb3c000000001f003ee2,产品力,站点巴士,"4.20投放60.01元
4.21投放30.95元
4.22投放47.24元
4.23投放0.26元",5,70,52,12,0,67,138.46,2.07,
2026-04-20 00:00:00,2026-04-27 00:00:00,停投,,霍昕,天津空港 意外解锁网约公交🚍,https://www.xiaohongshu.com/explore/69e5966d0000000023020ddd?app_platform=android&ignoreEngage=true&app_version=9.20.0&share_from_user_hidden=true&xsec_source=app_share&type=normal&xsec_token=CB457ZQweTEy3aa2D2MPSgOZzfBvMYPkQMLeFjn-ff4w0=&author_share=1&shareRedId=N0pFMjk6SkI2NzUyOTgwNjY0OTc6NTc8&apptime=1776654915&share_id=296ae3d2a136451aa783884d884f34af&share_channel=copy_link&appuid=5dc265f90000000001006013&xhsshare=CopyLink,69e5966d0000000023020ddd,产品力,网约公交,"4.20投放2.21元
4.21投放3.66元
4.22投放0.49元
4.23投放4.53元",0,12,12,0,0,15,10.89,0.73,
2026-04-21 00:00:00,2026-04-28 00:00:00,停投,,慕容柠次,在版纳坐了很有意思的雨林巴士,https://www.xiaohongshu.com/explore/69e6ce3c000000001d018677?xsec_token=ABmBcRQSHJbWmv0ZhzZw_7TAk7RdhI4o1VDr4LEQ9bHuc=,69e6ce3c000000001d018677,产品力,站点巴士,"4.21投放12.08元
4.22投放3.24元
4.23投放2.84元",5,3,2,0,0,7,18.16,2.59,
2026-04-22 00:00:00,2026-04-29 00:00:00,停投,,望,超绝滴滴痛车,https://www.xiaohongshu.com/explore/69e859460000000023012e5e?xsec_token=ABTnCOUc1TmnbS_OCkgjb5Np0N-Fjuiup6J70odmH2aA4=&xsec_source=pc_search&source=web_search_result_notes,69e859460000000023012e5e,车内,特殊车型/车衣,4.23投放201.41元,2,110,108,1,1,113,201.41,1.78,
2026-04-23 00:00:00,2026-04-30 00:00:00,停投,,龙吟,今天打车遇到一位女司机，想记下来,https://www.xiaohongshu.com/explore/69e988a5000000002103a1f4?xsec_token=ABWB215s-u3NEqombf2qmEuBFDdUcCixAIiv3ifWH7D-w=,69e988a5000000002103a1f4,司机,女司机,4.25投放200.45元,12,125,120,0,5,130,200.45,1.54,
2026-04-27 00:00:00,2026-05-04 00:00:00,停投,,一颗山药🌟,下沙滴滴小巴,https://www.xiaohongshu.com/explore/69eead98000000001a02f119?app_platform=android&ignoreEngage=true&app_version=9.20.0&share_from_user_hidden=true&xsec_source=app_share&type=normal&xsec_token=CBRsy7PkwLVAW1VQTzgvHSh5kZ8hSx017BydV2JDs7-3U=&author_share=1&shareRedId=N0pFMjk6SkI2NzUyOTgwNjY0OTc6NTc8&apptime=1777268627&share_id=fddd04bae8d944c3b1f8268f844fb00e&share_channel=copy_link&appuid=5dc265f90000000001006013&xhsshare=CopyLink,69eead98000000001a02f119,产品力,滴滴小巴,"4.27投放135.84元
4.28投放55.42元",2,101,94,3,0,195,191.26,0.98,
2026-04-23 00:00:00,2026-04-30 00:00:00,停投,,佐伊🍭,雨林之心号💚仿佛踏上了星露谷痛车～,https://www.xiaohongshu.com/explore/69e94c89000000001a02ca10?app_platform=android&ignoreEngage=true&app_version=9.20.0&share_from_user_hidden=true&xsec_source=app_share&type=normal&xsec_token=CB85MM-rOkh6ubyxzyIZG3y_vP04Ffg-dEgxAzJ6JSFds=&author_share=1&shareRedId=N0pFMjk6SkI2NzUyOTgwNjY0OTc6NTc8&apptime=1777269156&share_id=fade4c07664f4b3f8d0f67b8ecfeb984&share_channel=copy_link&appuid=5dc265f90000000001006013&xhsshare=CopyLink,69e94c89000000001a02ca10,产品力,站点巴士,"4.28投放20.40元
4.29投放163.39元",26,96,75,9,1,106,183.79,1.73,作者粉丝数超过1000，分成比例不能低于 3%
2026-04-26 00:00:00,2026-05-03 00:00:00,停投,,三二一的王（减肥版）,被常熟的网约公交车控制了,https://www.xiaohongshu.com/explore/69eb2894000000001f030c01?app_platform=android&ignoreEngage=true&app_version=9.20.0&share_from_user_hidden=true&xsec_source=app_share&type=normal&xsec_token=CBRBODJwCf7Xkki9Lrwoz6RLHbhu-cpyedGL_6nq9mOys=&author_share=1&shareRedId=N0pFMjk6SkI2NzUyOTgwNjY0OTc6NTc8&apptime=1777269210&share_id=2127a0fe368645b0ae91df0b08af4228&share_channel=copy_link&appuid=5dc265f90000000001006013&xhsshare=CopyLink,69eb2894000000001f030c01,产品力,网约公交,"4.27投放203.35元
4.28投放202.09元",124,215,198,15,0,340,405.44,1.19,
2026-04-25 00:00:00,2026-05-02 00:00:00,停投,,爱跳舞的怡然律师,滴滴这波可以啊，香薰片美貌满分,https://www.xiaohongshu.com/explore/69ec55f5000000003603382f?xsec_token=ABF3QwLT3B5t2ye6BO79HB5afO5ePClHxFbe5I4GIzXCI=,69ec55f5000000003603382f,车内,香卡,4.27投放192.89元,4,99,89,9,1,100,192.89,1.93,
2026-04-28 00:00:00,2026-05-05 00:00:00,在投,,木立雨,司机递给我一颗话梅,https://www.xiaohongshu.com/explore/69ef91b1000000002300564b?xsec_token=ABZgdCG38m42mQ1vgh4gAZk2fUZI96wuDPgk9xMqwSSV4=,69ef91b1000000002300564b,司机,司乘温暖,4.30投放200元,44,228,180,0,4,184,200,1.09,
2026-04-27 00:00:00,2026-05-04 00:00:00,停投,,月悸,下雨天没带伞，女司机把车停在我头顶,https://www.xiaohongshu.com/explore/69ef76e8000000003601943f?xsec_token=ABZgdCG38m42mQ1vgh4gAZk-5YMxdg89uNnxoQxzmb3vQ=,69ef76e8000000003601943f,司机,女司机,4.29投放202.96元,191,121,112,4,1,2437,202.96,0.08,
2026-04-28 00:00:00,2026-05-05 00:00:00,在投,,你睡着了吗,我去第一次打滴滴小巴,https://www.xiaohongshu.com/explore/69f05157000000003700c60a?app_platform=ios&app_version=9.28&share_from_user_hidden=true&xsec_source=app_share&type=normal&xsec_token=CBqoLGDKtx1pp2rAm9-jYEuZCP5mGekjpkHk6ro61eqgg=&author_share=1&xhsshare=CopyLink&shareRedId=N0dDN0hINkI6TEZFSkoyPz41SjlJSEg9&apptime=1777360718&share_id=e0df64a71ec64a6f853070d5c652244b,69f05157000000003700c60a,产品力,滴滴小巴,4.30投放200元,3,204,192,4,5,201,200,1,
2026-04-28 00:00:00,2026-05-05 00:00:00,在投,,睡觉吧睡觉吧,谢谢女司机们,https://www.xiaohongshu.com/explore/69f0a3e00000000022026d02?xsec_token=ABXzGd9O_x_RzY4Gkhs8M2tvUOJY7yXuVikDe4NwndPog=,69f0a3e00000000022026d02,司机,女司机,4.30投放200元,7,212,204,1,0,205,200,0.98,
2026-04-29 00:00:00,2026-05-06 00:00:00,在投,,爱吃凉拌杂蔬,她没说话,https://www.xiaohongshu.com/explore/69f163390000000038023c04?xsec_token=ABLNcebe4EqMClPt2SyxgvoJrpZxF6h3B7Tca2NNCHN4g=,69f163390000000038023c04,司机,司乘温暖,4.30投放200元,96,666,541,1,28,570,200,0.35,1. 笔记作者为开店账号，暂无法使用 ； 2. 笔记非公开可见，暂无法使用
2026-04-29 00:00:00,2026-05-06 00:00:00,在投,,岁岁平安,合肥打特惠/快车能打到问界m7和特斯拉,https://www.xiaohongshu.com/explore/69f194d5000000002301de8a?xsec_token=ABmbFepnQx-jFoEzvEhhzqxCMKi4KHHLcOP5v35xgvWN4=,69f194d5000000002301de8a,产品力,专车/豪华车,4.30投放200元,2,6,2,1,1,4,200,50,
2026-04-29 00:00:00,2026-05-06 00:00:00,在投,,ENDLESS RAIN,当春天来临，要记得出门去,https://www.xiaohongshu.com/explore/69f17a30000000003502d8da?xsec_token=ABmbFepnQx-jFoEzvEhhzqxNRpCCA7k8sUY3_88LcNzEc=,69f17a30000000003502d8da,地广/活动,品牌,4.30投放200元,34,158,111,13,0,124,200,1.61,1. 笔记作者粉丝数超过10000，暂无法使用 ； 2. 笔记为蒲公英笔记，暂无法使用
2026-04-29 00:00:00,2026-05-06 00:00:00,在投,,懒羊羊大王不怕困难,下沙雨天新晋宠儿~滴滴小巴,https://www.xiaohongshu.com/explore/69f1c29d0000000023005a50?app_platform=ios&app_version=9.28&share_from_user_hidden=true&xsec_source=app_share&type=normal&xsec_token=CBg2gaKUnCxg2ud8iQCl-jr45B4wRjJaReZTBWhc6ZI6I=&author_share=1&xhsshare=WeixinSession&shareRedId=ODY6NTk5Nzs2NzUyOTgwNjY0OTc8OTxC&apptime=1777472867&share_id=df9fcb8ddf8e446c9a5118d8d3317c00&code=2G20cXCQnOy,69f1c29d0000000023005a50,产品力,滴滴小巴,4.30投放200元,8,24,14,0,2,16,200,12.5,
2026-04-30 00:00:00,2026-05-07 00:00:00,在投,,呼呼再也不睡懒觉,毕业搬家带猫，第一次用宠物出行就真香了 大,https://www.xiaohongshu.com/explore/69f2ecd80000000036000e40?xsec_token=ABetYAHOhY16yiR5a2fqXNDsPWuXDXNybg9Meg3UygIVM=,69f2ecd80000000036000e40,产品力,宠物出行,4.30投放200元,0,114,108,1,5,114,200,1.75,
2026-04-30 00:00:00,2026-05-07 00:00:00,在投,,可恶又打喷嚏,女司机的车，是i人的天,https://www.xiaohongshu.com/explore/69f29fb3000000001a037e6b?xsec_token=ABlefarLtJ7O9GeX5GD5VUCzNb_Uj8Vqjkp92xc6p8OSI=,69f29fb3000000001a037e6b,司机,女司机,4.30投放200元,18,200,182,0,0,182,200,1.1,
2026-04-29 00:00:00,2026-05-06 00:00:00,在投,,煎饼狗子,今天看展路上的小确幸,https://www.xiaohongshu.com/explore/69f1d8fe000000003503860e?xsec_token=ABh4kH9hXYWMgFpRFZgOeKrx-PZs9UmB28fGWl6lOwtHU=,69f1d8fe000000003503860e,司机,司乘温暖,4.30投放200元,0,16,16,0,0,16,200,12.5,
2026-04-29 00:00:00,2026-05-06 00:00:00,在投,,真忘私绵,打了上百次DD专车，臭车几率是？,https://www.xiaohongshu.com/explore/69f19283000000003503b16f?xsec_token=ABh4kH9hXYWMgFpRFZgOeKr8kel0HHoTQxzsZVTsJZLAo=,69f19283000000003503b16f,产品力,专车/豪华车,4.30投放200元,35,95,47,3,10,60,200,3.33,
2026-04-29 00:00:00,2026-05-06 00:00:00,在投,,旅行的皮神,“每次花开🌸都值得一次出发”,https://www.xiaohongshu.com/explore/69f1b5c4000000003502cfd0?xsec_token=ABh4kH9hXYWMgFpRFZgOeKr3nDPNLrQBCZ3Y-2WjHeTck=,69f1b5c4000000003502cfd0,地广/活动,品牌,4.30投放200元,414,575,133,25,3,161,200,1.24,
2026-05-05 00:00:00,2026-05-12 00:00:00,在投,,路,优先女司机,https://www.xiaohongshu.com/explore/69f9fede0000000036001eb0?xsec_token=ABXpClgvyZnrSy5ahzs9wzetu_zEFUA_9CYj7xk9dk_iA=,69f9fede0000000036001eb0,产品力,女性友好计划,,35,317,254,1,27,282,214.54,0.76,
2026-05-05 00:00:00,2026-05-12 00:00:00,在投,,纯情丫头火辣辣之性感母蟑螂,这两天天气好经常带我的小狗去附近的公园玩，,https://www.xiaohongshu.com/explore/69f9d0d5000000003601a3f1?xsec_token=ABa01KIw3FNSCIsTS2LPTf6ZnSPxmuZqMjQP15XiIMumA=,69f9d0d5000000003601a3f1,产品力,宠物出行,,5,108,99,1,3,103,200,1.94,
2026-05-01 00:00:00,2026-05-08 00:00:00,停投,,路灯很亮,洛阳把尊重刻在骨子里了！,https://www.xiaohongshu.com/explore/69f2f64d000000002202410c?app_platform=ios&app_version=9.23&share_from_user_hidden=true&xsec_source=app_share&type=normal&xsec_token=CBBV9_vzbj_FXbJ_j67LntrsyjW4OxBrPaT5RMvpK-lIw=&author_share=1&xhsshare=CopyLink&shareRedId=ODY0NzU8Rzo2NzUyOTgwNjY0OThIN0lA&apptime=1778036727&share_id=c7a1f6846c00444d8a5fcdbf6f3744df,69f2f64d000000002202410c,司机,司机服务,,3679,3732,46,5,2,53,25.3,0.48,平台卡审终止
2026-05-01 00:00:00,2026-05-08 00:00:00,在投,,岁岁常安,出发吧 去往你想要的生活！,https://www.xiaohongshu.com/explore/69f1e8ef000000001e00cc08?note_flow_source=wechat&xsec_token=CB8RFidiOHx448pSCWzbm3uUoSBFRPNp8Df9NjnF-0CM4=,69f1e8ef000000001e00cc08,地广/活动,品牌,,1359,1364,2,1,2,5,200,40,
2026-05-04 00:00:00,2026-05-11 00:00:00,在投,,zizi,哈尔滨旅行状态：只哈哈 不喊累😂,https://www.xiaohongshu.com/explore/69f6f7160000000035032d5a?note_flow_source=wechat&xsec_token=CBI1UWmWTbRhl4rxrQu1WE8SosxLoRvzg3arIhEyKPYL4=,69f6f7160000000035032d5a,场景,旅游出行,,1332,1339,6,1,0,7,179.57,25.65,时间到未消耗完
2026-05-07 00:00:00,2026-05-14 00:00:00,在投,,自由散漫顾小可,一份来自陌生滴滴师傅的善意,https://www.xiaohongshu.com/explore/69fb8678000000003503053f?xsec_token=ABelO7dPqxWwMbHBMg1xlMAIqZ6Ub9LcPBZ9rP9eRY2HI=,69fb8678000000003503053f,司机,司乘温暖,,1,32,29,0,2,31,200,6.45,
2026-05-06 00:00:00,2026-05-13 00:00:00,在投,,nono,当女性力量不再单一,https://www.xiaohongshu.com/explore/69fb226a00000000350207ff?xsec_token=ABelO7dPqxWwMbHBMg1xlMAEGTvMgcK3FdXgvdXSp_L80=,69fb226a00000000350207ff,产品力,女性友好计划,,19,799,768,5,7,780,400,0.51,
2026-05-06 00:00:00,2026-05-13 00:00:00,在投,,Ms戴满世界浪,坐上了一辆整洁又贴心的滴滴,https://www.xiaohongshu.com/explore/69fc0ddb000000001f005a56?xsec_token=ABcsHLT2IdhyDi6N_CLnT_R8sSTrsaAX_qNGmqfsKQqq8=&xsec_source=pc_search&source=web_search_result_notes,69fc0ddb000000001f005a56,车内,车内整洁,,4,60,52,0,4,56,200,3.57,
2026-05-06 00:00:00,2026-05-13 00:00:00,在投,,Toby,滴滴🚌宝宝巴士进站咯～📢,https://www.xiaohongshu.com/explore/69fb34d0000000003703435a?xsec_token=ABARK6t9lwvGdzCFjVrffVdgqwyb1B3wbS-uqEQn8QZmE=,69fb34d0000000003703435a,产品力,滴滴小巴,,30,58,17,10,1,28,200,7.14,
2026-05-07 00:00:00,2026-05-14 00:00:00,在投,,小红薯69DD39E5,教了三次学不会打车，换语音一次就记住了,https://www.xiaohongshu.com/explore/69fc2d28000000002003a003?xsec_token=ABwPYmqoMR6qCxnABY9tKfBXJ98AlN9BYjFmm7jjFXZHE=,69fc2d28000000002003a003,产品力,AI叫车/AI小滴,,6,7,1,0,0,1,200,200,
2026-05-06 00:00:00,2026-05-13 00:00:00,在投,,张煊野,🚗沉浸式下班｜你那边的天蓝么？,https://www.xiaohongshu.com/explore/69fa2dbd00000000360197a1?xsec_token=ABb9AmBAYzWHkEWhQuDzCy0R8llkPCrq9q8BHZwFn3sA4=,69fa2dbd00000000360197a1,场景,通勤上下班,,14,67,31,5,17,53,200,3.77,
2026-05-07 00:00:00,2026-05-14 00:00:00,在投,,不熬夜睡好觉,滴滴打车碰到最细心周到的师傅,https://www.xiaohongshu.com/explore/69fc838f0000000035039774?xsec_token=ABBtRwVR8gpszCBfbW9B5RgdOPvIaKdFdsDFAzyoA7ds4=,69fc838f0000000035039774,司机,司机服务,,6,137,128,0,3,131,200,1.53,
2026-05-07 00:00:00,2026-05-14 00:00:00,在投,,原点,刚搬新家，带着两只猫和一只狗,https://www.xiaohongshu.com/explore/69fcae64000000001a02cfdc?xsec_token=ABBtRwVR8gpszCBfbW9B5RgYaEC41EyjHY2KGY0I1izz8=,69fcae64000000001a02cfdc,产品力,宠物出行,,0,8,8,0,0,8,200,25,
2026-05-07 00:00:00,2026-05-14 00:00:00,在投,,豆豆九段,下沙滴滴小巴给到一个夯,https://www.xiaohongshu.com/explore/69fc65f90000000022028b6c?app_platform=ios&app_version=9.28.1&share_from_user_hidden=true&xsec_source=app_share&type=normal&xsec_token=CBAxrSWo8Hhf4veuCxUrwqpC0T6aWsI46v29AvU_0nATA=&author_share=1&xhsshare=CopyLink&shareRedId=N0dDN0hINkI6TEZFSkoyPz41SjlJSEg9&apptime=1778211149&share_id=649545e6b4c74bc3b79f908fac0a7947,69fc65f90000000022028b6c,产品力,滴滴小巴,,28,210,160,18,4,182,200,1.1,
2026-05-06 00:00:00,2026-05-13 00:00:00,在投,,豆芽,下沙谁还没坐这个三块钱的商务座,https://www.xiaohongshu.com/explore/69f8702a000000001b021637?app_platform=ios&app_version=9.28.1&share_from_user_hidden=true&xsec_source=app_share&type=normal&xsec_token=CB2UKSax5DF2QA_I7rhNuoqUlhNkevLLDd7iEEZWVmZ7U=&author_share=1&xhsshare=CopyLink&shareRedId=N0dDN0hINkI6TEZFSkoyPz41SjlJSEg9&apptime=1778211176&share_id=af6a6d5c0f8b459abce45f5a54064a24,69f8702a000000001b021637,产品力,滴滴小巴,,5,24,18,0,1,19,169.69,8.93,
2026-05-06 00:00:00,2026-05-13 00:00:00,在投,,小小闯江湖,滴滴小巴都出了吗，那是不是以后大家伙出去玩可以一辆车坐下，不用再分别打好几辆车了哈哈哈,https://www.xiaohongshu.com/explore/69fab3fd000000003501edf9?app_platform=ios&app_version=9.28.1&share_from_user_hidden=true&xsec_source=app_share&type=normal&xsec_token=CBPZ69__HQk7Q8Y-E8hjtw2iJs_hWjBOFCxxjj36RENAc=&author_share=1&xhsshare=CopyLink&shareRedId=N0dDN0hINkI6TEZFSkoyPz41SjlJSEg9&apptime=1778211219&share_id=0fd8efd77d084114a3cdd4ddb5970ffc,69fab3fd000000003501edf9,产品力,滴滴小巴,,4,8,4,0,0,4,200,50,
2026-05-08 00:00:00,2026-05-15 00:00:00,在投,,一颗屁桃,她的周四，在盛开热带雨林的云南巴士、摘蘑菇,https://www.xiaohongshu.com/explore/69fc798c000000003502a9d8?xsec_token=ABcsHLT2IdhyDi6N_CLnT_R8DhhUAlroRDer_EtK6e-TU=,69fc798c000000003502a9d8,产品力,站点巴士,,163,189,22,4,0,26,200,7.69,
2026-05-08 00:00:00,2026-05-15 00:00:00,在投,,补药让我加班,司机姐姐说这个功能让她们更自觉,https://www.xiaohongshu.com/explore/69fde0030000000035023490?xsec_token=ABNbFDvmT2gE-NxXGweO_FYI6uipgsb69YYyq6uLnaHi0=&exSource=https://my.feishu.cn/,69fde0030000000035023490,产品力,女性友好计划,,354,3312,2851,6,101,2958,800,0.27,
2026-05-09 00:00:00,2026-05-16 00:00:00,在投,,可恶又打喷嚏,打到“侠女”的车了！！,https://www.xiaohongshu.com/explore/69fe7e640000000023017177?xsec_token=AB7ukW7fajRnxFsjbDV6X4qNCdWkxaxQYO2sfNVQYaPQI=,69fe7e640000000023017177,司机,女司机,,50,1169,1077,25,17,1119,800,0.71,
2026-05-11 00:00:00,2026-05-18 00:00:00,在投,,HuiHui慢生活,哈哈哈第一次打车打到装饰这么隆重的士🚕,https://www.xiaohongshu.com/explore/6a011d41000000000702031a?xsec_token=ABMDY_ifAXf43glQ4iD8PYNQ5y3nGwbGTzhVuJCHwfsc4=,6a011d41000000000702031a,车内,特殊车型/车衣,,3,15,11,1,0,12,200,16.67,
2026-05-10 00:00:00,2026-05-17 00:00:00,在投,,用魔法打败魔法voc,滴滴打车偶遇,https://www.xiaohongshu.com/explore/69ff2744000000003601bafd?xsec_token=ABSe7suRAYmulQ4PBfwqDWg_Ql-v1qHlDG2U5q2K-9fKY=,69ff2744000000003601bafd,车内,特殊车型/车衣,,0,47,43,0,4,47,200,4.26,
2026-05-11 00:00:00,2026-05-18 00:00:00,在投,,偷吃老鼠药,滴滴优先呼叫女司机选项真是伟大发明,https://www.xiaohongshu.com/explore/6a01468400000000060214be?xsec_token=ABMDY_ifAXf43glQ4iD8PYNZWMIiDvTz3M6rD-nGS0c0M=&xsec_source=pc_search,6a01468400000000060214be,产品力,女性友好计划,,20,1290,1255,2,13,1270,800,0.63,
2026-05-11 00:00:00,2026-05-18 00:00:00,在投,,猫饼,她给了我一颗糖🍬,https://www.xiaohongshu.com/explore/6a014275000000003601e660?xsec_token=ABMDY_ifAXf43glQ4iD8PYNRElQwjKn3KHY0HzRZsXs9c=&xsec_source=pc_search,6a014275000000003601e660,司机,女司机,,5,93,86,0,2,88,200,2.27,
2026-05-10 00:00:00,2026-05-17 00:00:00,在投,,父与子：共同成长,滴滴其实还不错，至少还想着做事,https://www.xiaohongshu.com/explore/6a0044d200000000360190fc?source=webshare&xhsshare=pc_web&xsec_token=ABe7uh94rgLtb32KVXCgE6zdSecME_4lvf9lXqCwH7ZDM=&xsec_source=pc_share,6a0044d200000000360190fc,产品力,女性友好计划,,8,24,15,1,0,16,200,12.5,
2026-05-11 00:00:00,2026-05-18 00:00:00,停投,,尧十二,下沙有自己的宝宝巴士🚌3块钱的快乐谁懂啊！,https://www.xiaohongshu.com/explore/6a015c4b00000000060375d5?app_platform=ios&app_version=9.29&share_from_user_hidden=true&xsec_source=app_share&type=video&xsec_token=CB0EIrGEJAR4IkKD6WrpqGlpqf93X6j_93NaDh5PA3tzg=&author_share=1&xhsshare=CopyLink&shareRedId=N0dDN0hINkI6TEZFSkoyPz41SjlJSEg9&apptime=1778482875&share_id=f1045e5ebc884cc3a25f3f6dbe720b37,6a015c4b00000000060375d5,产品力,滴滴小巴,,10,10,/,/,/,0,/,,作者终止投放
2026-05-10 00:00:00,2026-05-17 00:00:00,在投,,贝壳与贝果,坐标常熟，宝宝巴士来接我啦,https://www.xiaohongshu.com/explore/69edd0cf0000000035025453?xsec_token=ABkhnHrdTn66wpzixyl95xc6Rar_v_JNNubvWrO19cP24=&xsec_source=pc_search,69edd0cf0000000035025453,产品力,滴滴小巴,,12,24,12,0,0,12,200,16.67,
2026-05-11 00:00:00,2026-05-18 00:00:00,在投,,暴富猫,坐滴滴还送香卡呀,https://www.xiaohongshu.com/explore/6a013f80000000000803ca41?xsec_token=ABMDY_ifAXf43glQ4iD8PYNd0fpxtyb-aDsuPHeEeUSac=&xsec_source=pc_search&source=web_explore_feed,6a013f80000000000803ca41,车内,香卡,,0,7,6,0,1,7,200,28.57,
2026-05-11 00:00:00,2026-05-18 00:00:00,在投,,早八灵魂出走中,我家狗子觉得自己是最帅的狗,https://www.xiaohongshu.com/explore/6a01b530000000003601e708?xsec_token=ABMDY_ifAXf43glQ4iD8PYNaevaIXtJtDMT-ktepBCU3s=,6a01b530000000003601e708,产品力,宠物出行,,4,62,54,1,3,58,200,3.45,
2026-05-12 00:00:00,2026-05-19 00:00:00,在投,,努力校招中🌟,昨天滴滴打车，选了女性友好专车～,https://www.xiaohongshu.com/explore/6a02a86800000000070130aa?xsec_token=AB7U6zAAB-FbTocf-dL8C5T5OiIULUabftGK25BLSoZ4A=&xsec_source=pc_search,6a02a86800000000070130aa,产品力,女性友好计划,,3,77,71,0,3,74,200,2.7,
2026-05-11 00:00:00,2026-05-18 00:00:00,在投,,补药让我加班,你的五一我的五一好像不一样,https://www.xiaohongshu.com/explore/6a01ed3a000000003503a60e?xsec_token=ABMDY_ifAXf43glQ4iD8PYNQBwgNEHYp4wX45z4dWdtjo=&xsec_source=pc_search,6a01ed3a000000003503a60e,司机,女司机,,2,400,397,1,0,398,400,1.01,
2026-05-11 00:00:00,2026-05-18 00:00:00,在投,,葡萄糖太郎,打到这些女司机的车，算我有福！,https://www.xiaohongshu.com/explore/6a01c59a0000000035038156?xsec_token=ABMDY_ifAXf43glQ4iD8PYNWfE3Q3cvQ3E4tJejze7REs=&xsec_source=pc_search,6a01c59a0000000035038156,司机,女司机,,12,146,132,0,2,134,200,1.49,
2026-05-11 00:00:00,2026-05-18 00:00:00,在投,,Ar,异地恋分别，被滴滴出行狠狠治愈了✨,https://www.xiaohongshu.com/explore/6a01ba55000000000702ca26?xsec_token=ABMDY_ifAXf43glQ4iD8PYNQpF_wV9vHtGDrwlg8rWheA=&xsec_source=pc_search,6a01ba55000000000702ca26,司机,司乘温暖,,17,49,31,0,1,32,200,6.25,
2026-05-11 00:00:00,2026-05-18 00:00:00,在投,,云🦋,那个选项我早就打开了，没想到今天真用上了,https://www.xiaohongshu.com/explore/6a019fc3000000003502aa17?xsec_token=ABMDY_ifAXf43glQ4iD8PYNe3edi3uM3rB-Ib-bKXaLuY=&xsec_source=pc_search,6a019fc3000000003502aa17,产品力,女性友好计划,,39,1032,980,3,10,993,600,0.6,
2026-05-12 00:00:00,2026-05-19 00:00:00,停投,,肉肉打怪兽👹,打到了一辆很不错的车,https://www.xiaohongshu.com/explore/6a0319c60000000006021d84?xsec_token=ABUGydpp8sZT7bGqSkfVTRrHid3PrB1nq-JdnXf8CTZ_Y=,6a0319c60000000006021d84,司机,女司机,,4,12,7,0,1,8,21.7,2.71,作者终止投放
2026-05-12 00:00:00,2026-05-19 00:00:00,在投,,按点滴,在波哥大打到滴滴宠物快车🇨🇴,https://www.xiaohongshu.com/explore/6a015f1700000000380356d7?xsec_token=ABMDY_ifAXf43glQ4iD8PYNaniy7YBsqf9b7hzbiqag-s=&xsec_source=pc_search,6a015f1700000000380356d7,产品力,海外打车,,2036,2994,935,10,13,958,490,0.51,
2026-05-13 00:00:00,2026-05-20 00:00:00,在投,,半眠,一个女司机的无声温柔,https://www.xiaohongshu.com/explore/6a0418bf0000000036003c40?xsec_token=AB19yGNDIZJ8ti3fP2rXuFyZ6Z-lDwCZBwbGotTrdV23k=&xsec_source=pc_search,6a0418bf0000000036003c40,司机,女司机,,11,267,251,0,5,256,200,0.78,
2026-05-13 00:00:00,2026-05-20 00:00:00,在投,,Dracula🐶,网约车碰一个到新疆司机,https://www.xiaohongshu.com/explore/6a03ef13000000003700e895?xsec_token=ABUGydpp8sZT7bGqSkfVTRrPwiu4gyIv_qx90a962TmYA=&xsec_source=pc_search,6a03ef13000000003700e895,车内,司机自发装置,,7,138,128,1,2,131,200,1.53,
2026-05-13 00:00:00,2026-05-20 00:00:00,在投,,五分糖全甜,好可爱的滴滴司机,https://www.xiaohongshu.com/explore/6a043375000000003501ceb1?xsec_token=AB19yGNDIZJ8ti3fP2rXuFyRJoCGskAnp4wRqybahT-RU=,6a043375000000003501ceb1,车内,司机自发装置,,5,51,45,1,0,46,200,4.35,
2026-05-13 00:00:00,2026-05-20 00:00:00,在投,,feibee,我爱滴滴女司机,https://www.xiaohongshu.com/explore/6a046b14000000000702a3b5?xsec_token=AB19yGNDIZJ8ti3fP2rXuFyYzgr_uZIkxb4zFf3gO10O8=&xsec_source=pc_search,6a046b14000000000702a3b5,司机,女司机,,14,235,216,0,5,221,200,0.9,
2026-05-13 00:00:00,2026-05-20 00:00:00,在投,,是小陈同学呀（实习版）,新时代女性的安全出行,https://www.xiaohongshu.com/explore/6a0469a50000000008030b80?xsec_token=AB19yGNDIZJ8ti3fP2rXuFyY3zvWAaub09cgIoWuZmGto=&xsec_source=pc_search,6a0469a50000000008030b80,产品力,女性友好计划,,67,304,234,0,3,237,200,0.84,
2026-05-13 00:00:00,2026-05-20 00:00:00,在投,,早八灵魂出走中,偶遇同担,https://www.xiaohongshu.com/explore/6a045c91000000003700d056?xsec_token=AB19yGNDIZJ8ti3fP2rXuFyaf1zFDYzeXYNexiBPTQHbY=&xsec_source=pc_search,6a045c91000000003700d056,司机,女司机,,2,252,248,1,1,250,200,0.8,
2026-05-13 00:00:00,2026-05-20 00:00:00,在投,,睡觉专业户,记录在北京遇到的善良司机姐姐,https://www.xiaohongshu.com/explore/6a04598d0000000035023cee?xsec_token=AB19yGNDIZJ8ti3fP2rXuFySN9b_R401g8JkajaJ9r29E=&xsec_source=pc_search,6a04598d0000000035023cee,司机,女司机,,17,237,209,2,9,220,200,0.91,
2026-05-14 00:00:00,2026-05-21 00:00:00,在投,,爱吃凉拌杂蔬,他说这是他接过最乖的乘客,https://www.xiaohongshu.com/explore/6a0439ad0000000036033ee4?xsec_token=AB19yGNDIZJ8ti3fP2rXuFyQJIhmwnZmNbhu_vtK2KefQ=&xsec_source=pc_search&source=web_note_detail_r10,6a0439ad0000000036033ee4,产品力,宠物出行,,32,363,326,2,3,331,200,0.6,
2026-05-13 00:00:00,2026-05-20 00:00:00,在投,,jimmy先生是我的大宝贝呀,🍄我有一个很爱很爱很爱我的小狗,https://www.xiaohongshu.com/explore/6a0437f600000000070122fd?xsec_token=AB19yGNDIZJ8ti3fP2rXuFyaqzX_0syO4UU72X5pnSLog=&xsec_source=pc_search&source=web_note_detail_r10,6a0437f600000000070122fd,产品力,宠物出行,,26,159,130,1,2,133,200,1.5,
2026-05-13 00:00:00,2026-05-20 00:00:00,在投,,mikouo,首尔演唱会散场打不到车，一个阿姨说：“我女儿也追星，她现在在美国”,https://www.xiaohongshu.com/explore/6a041bbf0000000038037d42?xsec_token=AB19yGNDIZJ8ti3fP2rXuFyekuWpqAfJnKvoyHP5H9I9E=&xsec_source=pc_search&source=web_search_result_notes&exSource=https://my.feishu.cn/,6a041bbf0000000038037d42,产品力,海外打车,,32,161,128,0,1,129,200,1.55,
2026-05-14 00:00:00,2026-05-21 00:00:00,在投,,火爆的后槽牙,曝光这个滴滴绝世好司机,https://www.xiaohongshu.com/explore/6a0588ec000000000603655e?xsec_token=ABdRAD_phk1WlZetOXGBETlXHd5bpXMA87JRN5dFOiEjI=&xsec_source=pc_search,6a0588ec000000000603655e,司机,司机服务,,16,108,92,0,0,92,200,2.17,
2026-05-15 00:00:00,2026-05-22 00:00:00,在投,,佩奇大口吃乔治,家人们！必须要给滴滴宠物专车狠狠点赞👍,https://www.xiaohongshu.com/explore/6a05d478000000000702a5fd?xsec_token=ABdRAD_phk1WlZetOXGBETlfNvPtylvs66xfjVJjvdhtA=&xsec_source=pc_search,6a05d478000000000702a5fd,产品力,宠物出行,,17,50,33,0,0,33,200,6.06,
2026-05-14 00:00:00,2026-05-21 00:00:00,在投,,茹你所愿,纪念我在北京打车遇到的老派司机姐姐,https://www.xiaohongshu.com/explore/6a05a83700000000070281e9?xsec_token=ABdRAD_phk1WlZetOXGBETlWPqpm8Dt5G2igt8vaRy8bs=&xsec_source=pc_search,6a05a83700000000070281e9,司机,女司机,,18,38,18,0,2,20,200,10,
2026-05-18 00:00:00,2026-05-25 00:00:00,在投,,朱汁文,打到黄仁勋在什刹海的迈巴赫了,https://www.xiaohongshu.com/explore/6a0b2c92000000003501eb92?xsec_token=ABSh5LZ7oqI4X51MmHsTwJ26z966ZxiyFh4ACmQOIpVw8=&xsec_source=pc_search,6a0b2c92000000003501eb92,产品力,专车/豪华车,,16,488,447,20,5,472,200,0.42,
2026-05-22 00:00:00,2026-05-29 00:00:00,,,Savi,晚上叫了女性优先，司机说“我女儿也上大学”,https://www.xiaohongshu.com/explore/6a0f90e70000000036033d81?xsec_token=ABYM9RCRC7N0P5B2FWcGAocTrr2RqnlEyInEO2i3u4kFM=&xsec_source=pc_search&source=web_explore_feed,6a0f90e70000000036033d81,司机,女司机,,2856,,,,,,,,
2026-05-22 00:00:00,2026-05-29 00:00:00,,,娴菜ovo,司机替我说出了“不结婚也没事”,https://www.xiaohongshu.com/explore/6a0ede3d0000000035038e85?xsec_token=AB4GV38jFFqgm3TMJ-nHEVkYt84aeP8HDEnET8H8bTKzg=&xsec_source=pc_search,6a0ede3d0000000035038e85,司机,女司机,,14700,,,,,,,,
